size: 315,,,,,,,,,,,,,,,,,,,,,,,,,,,,,,,,,,,,,,,,,,,,,,,,,,,,,,,,,,,,,,,,,,,,,,,,,,,,,,,,,,,,,,,,,,,,,,,,,,,,,,,,,,,,,,,,,,,,,,,,,,,,,,,,,,,,,,,,,,,,,,,,,,,,,,,,,,,,,,,,,,,,,,,,,,,,,,,,,,,,,,,,,,,,,,,,,,,,,,,,,,,,,,,,,,,,,,,,,,,,,,,,,,,,,,,,,,,,,,,,,,,,,,,,,,,,,,,,,,,,,,,,,,,,,,,,,,,,,,,,,,,,,,,,,,,,,,,,,,,,,,,,,,,,,,,,,,,,,,,,,,,,,,,,,,,,,,,,,,,,,,,,,,,,,,,,,,,,,,,,,,,,,,,,,,,,,,,,,,,,,,,,,,,,
function,m_Duration,,,,,,,,,,,,,,,,,,,,,,,,,,,,,,,,,,,,,,,,,,,,,,,,,,,,,,,,,,,,,,,,,,,,,,,,,,,,,,,,,,,,,,,,,,,,,,,,,,,,,,,,,,,,,,,,,,,,,,,,,,,,,,,,,,,,,,,,,,,,,,,,,,,,,,,,,,,,,,,,,,,,,,,,,,,,,,,,,,,,,,,,,,,,,,,,,,,,,,,,,,,,,,,,,,,,,,,,,,,,,,,,,,,,,,,,,,,,,,,,,,,,,,,,,,,,,,,,,,,,,,,,,,,,,,,,,,,,,,,,,,,,,,,,,,,,,,,,,,,,,,,,,,,,,,,,,,,,,,,,,,,,,,,,,,,,,,,,,,,,,,,,,,,,,,,,,,,,,,,,,,,,,,,,,,,,,,,,,,,,,,,,,,,
cpu_advect density,1.6614,1.5832,1.6027,1.6941,1.6912,1.811,1.8612,1.865,1.7212,1.7671,1.7442,1.7506,1.8471,1.9065,2.1476,1.9733,2.3658,1.8788,1.8871,2.2322,2.0713,2.1335,2.0107,2.0548,2.1786,1.9507,1.9871,2.1158,1.9999,2.0529,2.0871,2.0813,2.1597,2.215,2.7067,2.1074,2.0318,2.0909,2.6331,2.1506,2.0757,2.1776,2.1802,2.2079,2.2093,2.1511,2.1412,2.1478,2.1219,2.1322,2.1189,2.1646,2.1418,2.1582,2.1447,2.4192,2.5657,2.0768,2.1317,2.0535,2.2055,2.1358,1.9646,1.994,2.4738,1.9684,2.0133,2.0355,2.0555,2.0423,2.0468,1.9396,1.9149,1.9593,2.1709,1.8729,1.936,2.0294,1.8956,1.8237,1.8198,1.8088,2.3218,1.9486,1.7933,2.0013,1.8462,1.7792,2.2926,1.8246,1.9053,1.9763,1.7537,1.792,1.7761,1.7968,1.7714,1.7758,1.7161,1.7301,1.7715,1.8192,1.7649,1.772,1.9034,1.8897,1.8032,1.8447,1.7069,1.6656,1.7194,1.6748,1.792,1.6787,1.7771,1.7187,1.712,1.6547,1.7382,1.7761,1.6965,1.6069,1.6747,1.601,1.6048,1.7039,1.6099,1.6196,1.582,1.672,1.6269,1.6828,1.5923,1.656,1.5939,1.6769,1.6126,1.5681,2.0415,1.7682,1.5642,1.6052,1.6337,1.6015,1.6074,1.6423,1.6112,1.866,1.688,1.5566,1.6842,1.5565,1.5616,1.6846,1.558,1.5581,1.6169,1.5657,1.6643,1.6087,1.5776,1.5829,1.5676,1.6047,1.6538,1.9093,1.6069,1.5858,1.5935,1.6243,1.5675,1.57,1.6799,1.5676,1.6285,1.5711,1.6472,1.6495,1.6735,1.6397,1.6756,1.6746,1.9072,1.8375,1.5913,1.6557,1.5944,1.592,1.6337,1.6526,1.6593,1.6656,1.702,1.7912,1.6856,1.9277,1.5969,1.6,1.7006,1.6202,1.6422,1.6643,1.6202,1.65,1.6138,1.7476,1.6254,1.6218,1.7145,1.9186,1.7274,1.5767,1.6898,1.6812,1.6394,1.6917,1.7164,1.8433,1.6282,1.6601,1.6215,1.8043,1.6673,1.7205,1.5856,1.6522,2.0634,1.6457,1.7704,1.5849,1.7521,1.6701,1.7041,1.6386,1.772,1.6955,1.6078,1.6121,1.5867,1.6278,1.6287,1.6854,1.6789,1.659,1.7009,1.6445,1.6867,1.6543,1.6128,1.6945,1.6018,1.6766,1.9128,1.6442,1.8443,1.6202,1.6871,1.6226,1.7539,1.6089,1.6783,1.667,1.6235,1.5949,1.7002,1.6482,1.6461,1.6707,1.6453,1.734,1.6729,1.613,1.6427,1.6275,1.7603,1.681,1.6676,1.6422,2.1645,1.6018,1.8102,1.79,1.7451,1.6609,1.7477,1.6868,1.6936,1.6948,1.7117,1.7375,1.717,1.8176,1.6321,1.9373,1.6426,2.0656,1.7406,1.7018,1.7203,1.6719,1.732,1.7202,1.7347,1.6467,2.22,1.6532,1.6907,1.6455,1.6908,1.6066,1.6548,1.6322,1.8947,1.6078,1.7079,1.6109,1.7009,1.6506,1.724,1.6585,1.6582,1.6174,1.6665,1.6599,1.7244,1.6494,1.6886,1.6534,1.6448,1.767,1.9527,1.6873,1.6358,1.6547,1.6346,1.7173,1.6208,1.7335,2.1857,1.691,1.6229,1.6509,1.7329,1.6415,1.7336,1.644,1.655,1.8628,1.6293,1.6701,1.6414,1.7262,1.7342,1.653,1.7232,1.6534,1.6672,1.6239,1.8187,1.6251,1.7733,1.7192,1.7002,1.6576,2.137,1.7091,1.9035,1.7091,1.6278,1.7687,1.77,1.6618,2.3458,1.6699,1.6823,1.7097,1.7408,1.6495,1.8051,1.6878,1.6569,1.7707,1.7813,1.735,1.6554,1.6797,1.7203,1.7108
cpu_advect vx,1.6269,2.2982,2.0497,1.8666,1.9399,1.8952,1.9945,2.0673,2.2921,2.0422,2.2622,2.3024,2.2765,2.1715,2.9331,2.8439,2.5968,2.4362,2.4326,2.3822,2.6665,2.8397,2.514,2.69,3.1428,2.6223,2.7977,2.847,2.676,2.666,2.9006,2.9066,2.7885,2.9889,2.8836,3.5397,2.8569,3.0502,2.9071,2.9647,2.9048,3.0201,2.9154,3.0582,2.9598,3.6015,2.9649,2.9379,3.2561,2.9821,2.9789,2.8844,2.9763,2.923,2.9729,3.108,2.8016,2.8042,2.7072,2.7017,2.8887,2.7179,2.7769,2.5797,2.6082,2.6697,2.5882,2.7185,2.5212,2.4421,2.5312,2.4905,2.4625,2.3528,2.3345,2.2697,2.291,2.6885,2.2353,2.2919,2.2262,2.4057,2.2576,2.214,2.3395,2.1665,2.1382,2.0698,2.0593,2.1175,2.1084,2.0876,1.9995,2.0365,2.0531,2.049,2.0087,1.9675,1.9688,1.9708,2.0111,2.0129,1.9221,1.8672,1.8916,1.9836,1.8235,1.8108,1.9732,2.0491,1.8395,1.7685,1.8232,1.7085,1.8508,1.6966,1.794,1.658,1.6473,1.8591,1.8049,1.6351,1.7981,1.6281,1.5994,1.6134,1.5851,1.6402,1.5445,1.6197,1.5397,1.6112,1.617,1.5924,1.6895,1.5498,1.4919,1.5311,1.5228,1.5384,1.5451,1.5168,1.477,1.5369,1.518,1.5565,1.5337,1.612,1.5724,1.5055,1.549,1.4597,1.5701,1.5737,1.4612,1.4989,1.4601,1.5142,1.5424,1.5849,1.552,1.521,1.5935,1.5748,1.5891,1.5077,1.852,1.4603,1.5269,1.7656,1.4766,1.5708,1.5467,1.6573,1.7121,1.5749,1.5201,1.6174,1.462,1.6112,1.462,1.5824,1.4599,1.5713,1.5051,1.5213,1.4984,1.7301,1.5819,1.5759,1.4717,1.9447,1.489,1.502,1.491,1.5292,1.5617,1.5307,1.4993,1.4853,1.7188,1.4939,1.5194,1.5626,1.4724,1.8673,1.5636,1.5021,1.6182,1.5471,1.5249,1.5046,1.632,1.5446,1.4583,1.5666,1.4584,1.53,1.62,1.46,1.4591,1.4604,1.4757,1.4624,1.4606,1.5635,1.5278,1.5708,1.4588,1.5275,1.5043,1.4581,1.5003,1.4988,1.4919,1.4588,1.4905,1.4987,1.4585,1.5439,1.5876,1.5902,1.5027,1.4817,1.5154,1.8353,1.4983,1.4584,1.4986,1.5147,1.5024,1.5239,1.608,1.5875,1.4935,1.6103,1.4998,1.4595,1.5291,1.6741,1.528,1.7872,1.555,1.5684,1.5032,1.6445,1.4801,1.631,1.5673,1.5888,1.4933,1.4804,1.6093,1.5336,1.4663,1.693,1.4599,1.4813,1.5209,1.4604,1.5115,1.7036,1.6101,1.4924,1.4843,1.5642,1.5592,1.576,1.4976,1.4924,1.6119,1.566,1.6518,1.5572,1.6859,1.5361,1.8267,1.4976,1.5221,1.5454,1.601,1.4931,1.5056,1.4992,1.5092,1.5398,1.5564,1.5193,1.4824,1.46,1.5615,1.4818,1.498,1.6716,1.5245,1.5027,1.4605,1.5084,1.535,1.473,1.6526,1.6528,1.5002,1.4929,1.6071,1.4601,1.5748,1.5007,1.4626,1.5889,1.5797,1.5379,1.4593,1.5002,1.4924,1.5043,1.5285,1.5997,1.4592,1.764,1.4994,1.4912,1.515,1.5434,1.4605,1.5755,1.5257,1.9799,1.4951,1.6132,1.4898,1.9269,1.507,1.6004,1.4593,1.4816,1.7128,1.4819,1.5133,1.4638,1.4677,1.6869,1.5153,1.531,1.4781,1.7096,1.502,1.547,1.5847,1.4859,1.4743,1.5303,1.4994,1.9061,1.5045,1.5559,1.4623,1.5376,1.5968,1.6401,1.5114,1.6566,1.51,1.5363,1.6153,1.4794,1.6263,1.5328
cpu_advect vy,1.7277,1.9801,1.6871,1.9138,1.926,1.942,2.0526,2.1264,2.1594,2.1183,2.2374,2.1992,2.2302,2.239,2.2866,2.7661,2.4166,2.4317,2.8034,2.596,2.5081,2.636,2.5372,2.5534,2.5691,2.8954,2.6153,2.5932,2.5766,2.8649,2.8895,2.7528,2.7809,2.9669,2.7421,3.0255,2.9983,2.8574,2.9661,3.1012,3.0684,2.9373,2.9713,2.9616,3.0545,3.5441,3.0027,2.9295,2.9616,3.0209,2.999,2.9155,2.9411,2.9775,2.8992,2.8211,2.9254,3.5579,3.0814,2.8004,2.6491,2.7078,2.7445,2.6795,2.5546,2.6181,2.6067,2.5009,2.4974,2.4015,2.4282,2.3588,2.4606,2.3604,2.3585,2.3338,2.2984,2.4368,2.4183,2.2023,2.442,2.2357,2.2632,2.2225,2.2031,2.1988,2.1398,2.2212,2.2896,2.2308,2.0374,2.1041,2.0046,2.0071,2.0818,2.0815,1.9931,1.9781,1.9409,1.9711,1.9271,2.501,1.9234,1.9577,1.9508,1.8928,1.8719,1.9901,1.9132,1.9055,1.942,1.8238,1.771,1.8228,1.7687,1.978,1.7406,1.7695,1.7582,1.7618,1.6731,1.6543,1.708,1.6622,1.7952,1.6401,1.6082,2.5202,1.5485,1.5549,1.6716,1.5592,1.5391,1.5681,1.5773,1.5849,1.6449,1.6963,1.4909,1.5645,1.4852,1.6588,1.4796,1.5361,1.4977,1.4935,1.5743,1.5321,1.5322,1.4938,1.5537,1.5313,1.4888,1.488,1.5389,1.513,1.6514,1.4976,1.4698,1.4804,1.466,1.4659,1.5106,1.5987,1.4643,1.4659,1.4693,1.5415,1.5222,1.5698,1.4648,1.5718,1.5093,1.5396,1.6069,1.4697,1.4852,1.4855,1.5875,1.4823,1.5973,1.5715,1.5524,1.4999,1.5413,1.5526,1.5811,1.5316,1.505,1.5691,1.4639,1.5887,1.4951,1.5617,1.5364,1.5064,1.4881,1.5355,1.5053,1.5671,1.5392,1.5414,1.4882,1.4641,1.6626,1.5107,1.5466,1.547,1.5001,1.5884,1.4898,1.5504,1.5077,1.4838,1.599,1.581,1.5464,1.4689,1.8206,1.6249,1.6149,1.5528,1.5098,1.4641,1.6739,1.4645,1.4654,1.5867,1.5087,1.6438,1.6999,1.5964,1.5726,1.6841,1.489,1.5386,1.5869,1.4659,1.5771,1.5295,1.4839,1.4839,1.5554,1.6136,1.5246,1.4982,1.4899,1.5957,1.5456,1.5381,1.4878,1.4984,1.4796,1.7657,1.5035,1.5505,1.5091,1.561,1.5376,1.5047,1.4816,1.817,1.5161,1.5401,1.5067,1.5652,1.4845,1.4987,1.4656,1.5599,1.5194,1.4866,1.5153,1.4851,1.5217,1.6324,1.4922,1.5861,1.597,1.8744,1.519,2.0008,1.5531,1.6009,1.589,1.5806,1.5469,1.4985,1.6373,1.568,1.5028,1.561,1.5932,1.5286,1.533,1.5244,1.7739,1.5428,1.5191,1.5227,1.5211,1.519,1.5566,1.5568,1.6158,1.5067,1.5044,1.551,1.5728,1.5645,1.4881,1.5413,1.5694,1.7531,1.5342,1.5117,1.5361,1.6003,1.4843,1.4665,1.4751,1.4702,1.6021,1.5002,1.5398,1.5283,1.5174,1.4684,1.5675,1.481,1.4743,1.502,1.4969,1.5204,1.5509,1.5816,1.5103,1.4655,1.5244,1.5592,1.4675,1.5097,1.5263,1.5367,1.4786,1.4936,1.4698,2.1366,1.5051,1.4977,1.5111,1.6383,1.5269,1.4646,1.5998,1.6208,1.5719,1.4915,1.5128,1.4934,1.5745,1.5227,1.4652,1.5215,1.6034,1.6072,1.5308,1.4644,1.4644,1.5281,1.5,1.4901,1.5206,1.4696,1.5294,1.6808,1.4649,1.7157,1.4646,1.6054,1.5307,1.4655,1.5733,1.5364,1.5767,1.5306,1.6198,1.5256
cpu_diffuse density,2.4824,2.5714,2.621,2.7546,2.4627,2.45,2.5134,2.4863,2.5207,2.5491,2.4104,2.5476,2.5361,2.3878,2.7059,2.5903,2.624,2.6458,2.4609,2.5506,2.7416,2.729,2.6268,2.5184,2.6515,2.522,2.5278,2.449,2.4073,2.5498,3.1293,2.6608,2.5581,2.628,2.9058,2.5852,2.4686,2.4559,2.5112,2.6429,2.4257,2.4569,2.5055,2.9929,2.4359,2.4224,2.4687,2.4781,2.5396,2.4325,2.4108,2.5437,2.7709,2.5033,2.5084,2.4896,2.4102,2.4864,2.479,2.4672,2.512,3.2133,2.5225,2.7192,2.6565,2.4352,2.5933,2.626,2.473,2.5286,2.4617,2.4882,2.7448,2.5079,2.4695,2.528,2.5318,2.4428,2.6146,2.4552,2.4208,2.482,2.5037,2.46,2.4674,2.5617,2.5501,2.4744,2.433,2.4968,2.4831,2.5462,2.51,2.4802,2.5299,2.7375,2.5465,2.5136,2.4628,2.5117,2.5197,2.7651,2.8906,2.5771,2.6872,2.4914,2.4872,2.4968,2.5025,2.5001,2.4804,2.5104,2.4296,2.5845,2.5895,2.5184,2.4301,2.4512,2.8006,2.5449,2.4717,2.4409,3.0104,2.4764,2.5966,2.5397,2.4455,2.5716,2.5244,2.4338,2.6928,2.4896,2.4305,2.5762,2.4384,2.5286,2.4503,2.4758,2.8616,2.694,2.5255,2.4709,2.5575,2.4527,2.4374,2.5626,2.4957,2.5612,2.5697,2.679,2.5078,2.5127,2.5216,2.482,2.5825,2.5381,2.4625,2.6197,2.4416,2.9937,2.7736,2.5461,2.5385,2.6393,2.532,2.5976,2.5627,2.4765,2.5261,2.6395,2.534,2.5162,2.5643,2.5281,2.6908,2.5709,2.4599,2.5256,2.5588,2.5072,2.4795,2.5737,3.213,2.818,2.6775,2.498,2.5252,2.6973,2.5379,2.6243,2.5079,3.0271,2.5054,2.5769,2.4703,2.5126,2.6038,2.5701,2.6643,2.5979,2.5951,2.6437,2.5431,2.5662,2.6181,2.4572,2.5067,2.5543,3.0532,2.4867,2.722,2.5585,2.6271,2.6901,2.4814,2.6039,2.6303,2.4748,2.4952,2.579,2.5267,2.4552,2.4567,2.5066,2.4945,2.5075,2.6992,2.5043,2.4544,2.4892,2.456,2.5025,2.498,2.5251,2.4891,2.5025,2.5872,2.5381,2.6934,2.5584,2.5979,2.7012,2.5432,2.7736,2.8697,2.5429,2.5478,2.5425,2.6268,2.5867,2.5887,2.5351,2.6914,2.5941,2.4564,2.5227,2.6523,2.5016,2.5743,2.5902,2.5013,2.551,2.6833,2.5804,2.5483,2.6217,2.8973,2.495,2.6895,2.9129,2.8408,2.5065,2.875,2.5394,2.4884,2.5333,2.6496,2.5161,3.0861,2.536,2.5407,2.5776,2.8401,2.6213,2.6976,2.6576,2.6208,2.6262,2.5687,2.618,2.6034,2.6395,2.7614,2.6306,2.676,3.2829,2.597,2.5417,2.553,2.7195,2.6408,2.6055,2.5379,2.5316,2.5522,2.5133,2.5974,2.555,2.5172,2.6473,2.5656,2.5675,3.1714,2.5556,2.5309,2.5647,2.4647,2.6597,2.6011,2.5669,2.5958,2.6461,2.6526,2.6399,2.5656,2.6002,2.5404,2.6168,2.531,2.9014,2.8316,2.6538,2.5792,2.5022,2.5578,2.5807,2.61,2.472,3.1265,2.522,2.4686,2.5285,2.5013,2.711,2.5224,2.5278,2.6011,2.5452,2.5519,2.597,2.5016,2.4959,2.4826,2.5427,2.48,2.5659,2.6765,2.5618,2.8417,2.5733,2.5255,2.5992,2.5227,2.5929,2.7181,2.5326,2.8123,2.5574,2.6571,2.5229,2.5538,2.5046,2.54,2.5645,2.6221,2.6386,2.5254,2.5872,2.5707,2.5515,2.6806,2.4995,2.7247,2.6233,2.733,2.4858,2.7076,2.636
cpu_diffuse vx,2.7193,2.7973,2.8941,3.0343,3.2654,3.3706,3.4061,3.5261,3.7015,3.5781,3.6298,4.0255,4.2297,3.9009,3.9644,4.0932,4.2734,4.7498,4.4203,4.3917,4.4317,4.4482,4.6322,4.5552,4.8046,5.0778,4.7704,4.65,4.6149,4.7639,4.9437,4.9382,5.0536,5.2527,5.1157,5.1459,5.2754,5.4762,5.2415,5.3749,5.5218,5.5171,5.8031,5.9108,5.7899,5.4958,5.8257,5.4809,6.5235,5.5329,5.8678,5.4161,5.7553,5.4861,5.4968,5.4113,5.0245,5.1965,4.9868,5.222,5.1444,4.9169,4.9113,5.0173,4.8169,4.7374,4.5163,4.5446,4.5126,4.4748,4.4962,4.5299,5.1533,4.2194,4.4495,4.4035,4.12,4.4022,4.6773,4.078,4.0595,3.9113,4.0549,4.7513,4.1381,3.8138,3.8123,3.9357,3.8064,4.8028,3.7051,3.6662,3.6435,3.6387,3.58,4.1969,3.6814,3.5146,3.4625,3.5303,3.3407,3.3023,3.4202,3.3181,3.4758,3.3137,3.2333,3.3305,3.0946,3.0891,3.5508,3.362,3.2313,3.0044,3.0995,2.9962,3.1221,2.9272,2.9593,2.9054,3.0795,3.0581,2.9587,3.1128,2.7369,2.7674,2.7711,2.771,2.7732,2.7807,2.626,2.7685,2.8723,2.6496,2.6278,2.6466,2.6838,2.6151,2.6194,2.5653,2.6178,2.5825,2.4987,2.4798,2.6812,2.5526,2.5127,2.5487,2.5041,2.8233,2.6171,2.4772,2.6793,2.4762,2.504,2.5588,2.4692,2.4605,2.6031,2.4484,2.452,2.5819,2.9461,2.4285,2.7391,2.4806,2.6585,2.4677,2.6216,2.5831,3.3288,2.4953,2.6378,2.5917,2.5871,2.385,2.5961,2.4921,2.6493,2.5038,2.6137,2.6845,2.5362,2.9123,2.4857,2.5065,2.6904,2.624,2.5453,2.7281,2.5119,2.6724,2.6334,2.5357,2.4929,2.4818,2.4801,2.5116,2.4374,2.4767,2.6261,2.5446,2.6626,2.4957,2.5299,2.5941,2.4314,2.5312,2.6381,2.6775,2.6508,2.5853,2.5701,2.6689,2.4852,2.553,2.7057,2.5776,2.4391,2.5959,2.4352,2.5335,2.605,2.4726,2.4944,2.6123,2.848,2.6691,2.4565,2.4811,2.4999,2.4771,2.4553,2.5018,2.5831,2.4723,2.5218,2.5491,2.5963,2.5155,2.5724,2.4618,2.6776,2.6337,2.5164,2.6533,2.5112,2.4965,2.6751,2.4883,2.5895,2.5587,2.5369,2.5965,2.7792,2.4703,2.6914,2.6763,2.5239,2.4925,2.7495,2.8762,2.9422,2.6066,2.9071,2.6735,2.5409,2.4877,2.7781,2.5239,2.986,2.4792,2.9345,2.5044,2.579,2.614,2.5819,2.4313,2.4735,2.4754,2.532,2.5378,2.5467,2.7524,2.5861,2.5526,2.5387,2.5457,2.4656,2.7036,2.6879,2.5822,2.5222,2.7149,2.5091,2.5696,2.4847,2.5299,2.6659,2.4729,2.557,2.5053,2.56,2.7177,2.9332,2.6194,2.4913,2.6466,2.5106,2.5653,2.588,2.5345,2.4431,2.5225,2.4908,2.6007,2.5301,2.495,2.7469,2.6132,2.4714,2.6023,2.7514,2.7005,2.4829,2.5444,2.7197,2.5771,2.6378,2.6659,2.5901,2.5738,2.4329,2.4675,2.5732,2.4906,2.5043,2.5122,2.4691,2.4965,2.449,2.5237,2.4874,2.4813,2.4252,2.4423,2.7546,2.4952,2.6576,2.4341,2.4974,2.5816,2.5512,2.502,2.5032,2.4789,3.1676,2.5045,2.4267,2.506,2.4774,2.4339,2.6209,2.4322,2.5272,2.6732,2.5141,2.4818,2.4496,2.5497,2.473,2.5315,2.6065,2.5077,2.6796,2.674,2.431,2.4566,2.5097,2.4938,2.9252,2.4932,2.786,2.5453,2.7676,2.5171,2.48,2.6945
cpu_diffuse vy,2.6176,2.9088,2.9158,3.3594,3.3941,3.5711,3.5521,3.7203,3.36,3.755,3.6745,3.7671,4.0969,3.9277,4.5179,4.2132,4.2636,4.5627,4.2064,4.5107,4.9724,4.3571,4.7762,4.6418,4.7829,4.9055,4.9257,5.3665,4.9661,5.0341,6.1651,4.92,5.109,5.0507,5.0406,5.4717,5.1415,5.3965,5.2957,5.3924,5.6974,5.4146,5.409,5.5897,5.9133,5.5513,5.3779,5.574,6.0547,5.3176,5.4151,5.4778,5.3636,5.5584,5.8972,5.2007,5.4144,5.9288,5.3646,5.0464,5.0682,5.1751,5.5163,4.6292,4.7811,4.6534,4.8014,5.1211,4.6851,4.4058,4.5683,4.3218,4.8059,4.3812,4.127,4.1947,4.3515,4.0965,4.0757,4.254,4.0133,4.1695,3.9118,4.4328,3.9174,4.041,4.1626,4.4479,3.891,3.8259,3.7023,3.5651,3.6486,3.5225,3.666,4.4263,3.7215,3.5293,3.5003,3.5333,3.4139,3.5704,3.5764,3.7577,3.3458,3.4436,3.2256,3.275,3.6805,3.2495,3.1357,3.1215,3.1378,3.1362,2.9828,3.1031,3.182,3.0888,2.8063,2.8012,2.8985,2.8028,2.9094,2.7879,3.0578,2.6726,2.7586,2.752,2.7253,2.6242,2.8275,2.7965,2.56,2.5698,2.5992,2.6301,2.5657,2.6816,2.5893,2.8126,2.5974,2.7412,2.4979,2.7395,2.4259,2.4596,2.6253,2.5667,2.54,2.6319,2.4672,2.7711,2.5386,2.4999,2.5486,2.4317,2.3929,2.6597,2.4049,2.4399,2.6797,2.3824,2.4808,2.5903,2.5149,2.5767,2.4521,2.3964,2.539,2.4503,2.3797,2.5597,2.4865,2.4752,2.5158,2.3836,2.5034,2.4528,2.4013,2.5416,2.577,3.0215,2.4931,2.5801,2.4965,2.9414,2.4701,2.4403,2.623,2.4059,2.4456,2.6467,2.5747,2.6209,2.4333,2.4925,2.5786,2.4297,2.4484,2.8325,2.4485,2.5975,2.4899,2.4533,2.5415,2.4873,2.4384,2.5836,2.601,2.6315,2.4435,2.392,2.5938,2.4466,2.5502,2.7288,2.6486,2.5238,2.5795,2.4951,2.5238,2.5494,2.3801,2.5291,2.5725,2.465,3.0854,2.6591,2.5101,2.5013,2.7871,2.4633,2.5041,2.5426,2.5116,2.6104,2.5331,2.4224,2.4476,2.6483,2.4455,2.5401,2.5537,2.4766,2.5684,2.439,2.4449,2.6125,2.5689,2.4278,2.5769,2.6093,2.5163,2.6062,2.4953,2.4266,2.54,2.4482,2.4954,2.5556,2.4887,2.4358,2.4989,2.3962,2.5627,2.3849,2.4546,2.5918,2.4697,2.5123,2.6364,2.5628,2.9122,2.408,2.5452,2.4142,2.5599,2.4925,2.6622,2.4797,2.5346,2.4207,2.4602,2.4944,2.5805,2.6128,2.5149,2.9316,2.4802,2.5619,2.4567,2.5764,2.494,2.4802,2.5933,2.6109,2.5324,2.6353,2.5043,2.5152,2.5153,2.5139,2.5219,2.4959,3.2453,2.5388,2.562,2.4696,2.4139,2.4851,2.4669,2.423,2.5748,2.5517,2.7602,2.5221,2.3816,2.6534,2.4031,2.4975,2.5173,2.4249,2.6917,2.5545,2.45,2.5795,2.4765,2.4613,2.5432,2.4692,2.5339,2.4384,2.3876,2.4961,2.4269,2.53,2.4904,2.4257,2.508,2.6624,2.5909,2.5492,2.4597,2.4478,2.4972,2.4923,2.3953,2.4472,2.6223,2.5747,2.5746,2.4362,2.5986,2.4576,2.4825,2.4919,2.9988,2.4256,2.5107,2.4522,2.5341,2.5665,2.4286,2.4778,2.5877,2.4911,2.5651,2.4244,2.4625,2.5479,2.5476,2.5694,2.5737,2.3826,2.893,2.4267,2.557,2.7616,2.5395,2.5554,2.3951,2.4441,2.9033,2.6179,2.641,2.457,2.7617,2.5394
cpu_project 1,3.4956,3.8118,4.1739,4.3117,4.7552,4.8435,5.0781,5.1159,5.7348,5.5362,5.8099,5.8018,6.0662,6.2661,6.905,6.4765,6.7265,6.8211,6.9378,7.215,7.9869,7.5605,7.5747,8.1768,8.289,8.677,8.4525,8.1852,8.0527,8.2484,8.8023,8.7319,8.7601,8.9245,8.6651,8.8782,8.928,9.1648,9.4299,9.982,9.4433,9.6129,9.6736,9.8089,9.945,10.9862,9.7619,9.9183,10.3154,10.5804,9.929,10.2167,9.9102,10.5847,9.7074,9.4745,9.3521,9.67,9.5301,9.2612,9.3543,8.7588,9.3709,8.7547,8.7751,8.3562,8.3285,8.2357,8.153,7.887,7.8102,7.7074,7.9462,7.441,7.5431,7.3004,7.1062,7.1707,6.9828,6.9664,6.9147,6.749,6.7424,7.5371,6.4905,6.6486,6.8002,6.3117,6.217,6.2646,6.5991,6.0696,6.3055,6.0569,5.9603,6.3265,5.8689,5.6976,5.5985,5.5915,5.6319,5.3583,5.1757,5.2747,5.3548,5.1416,5.4307,5.2273,5.9945,4.7516,4.8598,4.8114,4.7712,4.9095,4.8313,5.5369,4.4565,4.3877,4.5334,4.4609,4.3758,4.246,4.2015,4.172,4.0478,4.1779,4.0675,3.8591,3.9524,3.8467,3.9304,3.8816,3.6819,3.8015,3.5878,3.5849,3.7021,3.4872,3.5757,4.1766,3.6902,3.3222,3.5035,3.2308,3.2983,3.5267,3.1756,3.2734,3.3957,3.2361,3.3763,3.1917,3.2352,3.2748,3.2411,3.148,3.171,3.1947,3.2089,3.2381,3.1242,3.2375,3.1528,3.0927,3.1067,3.9582,3.2011,3.2403,3.0423,3.1023,3.1929,3.1021,3.1264,3.2542,3.4829,3.1831,3.1701,3.0717,3.1586,3.1154,3.0616,3.1497,3.119,3.1302,3.3519,3.2779,3.1625,3.2246,3.1365,3.1229,3.2682,3.9473,3.4749,3.3049,3.314,3.2164,3.1727,3.2656,3.2296,3.1816,3.3768,3.1691,3.6444,3.2289,3.1436,3.3041,3.1642,3.1838,3.1172,3.1524,3.2134,3.2089,3.1368,3.1326,3.1444,3.1278,3.0615,3.5881,3.0268,3.1549,3.2023,3.0146,3.3567,3.1362,3.3178,3.0143,3.1891,3.0494,3.2611,3.1664,3.0165,3.2665,3.1535,3.101,3.1176,3.4563,3.1102,3.1792,3.437,3.156,3.1794,3.2856,3.1979,3.2262,3.1127,3.091,3.2739,3.0563,3.1423,3.1911,3.1418,3.127,3.7075,3.1218,3.1761,3.2229,3.1272,3.2105,3.1559,3.0857,3.1513,3.1223,3.079,3.264,3.0839,3.0558,3.2167,3.1606,3.1473,3.2782,3.1935,3.2429,3.1251,3.2573,3.1326,3.2196,3.1418,3.0797,3.1344,3.2636,3.0998,3.0818,3.213,3.4104,3.3898,3.3213,3.2356,3.5405,3.2497,3.1343,3.0989,3.2594,3.168,3.2839,3.2484,3.2161,3.2464,3.1469,3.1669,3.2058,3.1738,3.2183,3.1761,3.3291,3.1863,3.573,3.199,3.2161,3.3206,3.256,3.0441,3.3275,3.1173,3.5984,3.2048,3.1383,3.2966,3.1741,3.1636,3.1686,3.0645,3.8814,3.228,3.13,3.1919,3.0599,3.34,3.2159,3.2268,3.0851,3.2864,3.1451,3.225,3.1291,3.3048,3.1479,3.3403,3.0165,3.2271,3.1296,3.2494,3.1608,3.0927,3.411,3.1973,3.0776,3.1234,3.2404,3.1828,3.0837,3.0785,3.1673,3.081,3.0988,3.1983,3.1211,3.0673,3.3792,3.1201,3.2355,3.2889,3.0598,3.1988,3.2059,3.1699,3.4119,3.035,3.1342,3.1417,3.1331,3.3684,3.0868,3.2032,3.4175,3.0581,3.2122,3.2284,3.127,3.3733,3.1781,3.2738,3.2927,3.1976,3.3461,3.1748,3.349,3.0932,3.1587
cpu_project 2,3.5908,4.1061,4.1539,4.8852,4.6088,4.8553,5.0825,5.4426,5.8083,5.8904,5.7745,5.9426,6.1187,6.0814,6.4291,7.7479,7.0752,6.8675,7.5511,7.0129,8.4089,7.4923,7.5077,7.6262,7.6933,8.9407,8.2246,8.0836,8.193,8.216,8.5204,8.6135,9.0477,8.6722,8.7875,9.1784,9.0445,9.2186,9.7245,10.1155,9.6404,9.581,10.0516,9.8276,9.9487,10.9309,9.8655,9.7613,10.5891,9.8295,10.4572,9.8569,10.5645,9.9777,10.1673,9.4918,9.1969,9.6308,9.0693,9.054,8.9463,8.8938,8.7819,8.7437,8.8859,8.4529,9.0245,8.2513,7.9929,7.9468,7.8384,7.831,8.4748,7.3815,7.4617,7.1873,7.4017,7.3774,6.9234,7.0474,6.7686,6.7707,6.6521,7.1774,6.6099,6.4308,6.4738,6.4439,6.1493,6.3323,6.018,5.9357,5.8041,5.7622,5.8435,6.0968,5.7769,5.6991,5.905,5.6604,5.9053,6.5107,5.7419,5.2233,5.2549,5.1301,4.9504,4.9149,4.9563,4.8404,4.7977,5.0299,4.852,4.5051,4.469,4.8484,4.6964,4.53,4.4458,4.2627,4.2259,4.3148,4.4306,4.1464,4.0011,3.9279,3.9551,3.804,3.8026,3.7164,4.7333,4.3444,3.6448,3.5672,3.6091,3.5775,3.8836,3.4365,4.1443,3.3403,3.5436,3.4054,3.4473,3.4712,3.5107,3.2607,3.3421,3.1889,3.3222,3.262,3.2759,3.202,3.3843,3.1961,3.1667,3.2192,4.1651,3.3748,3.2245,3.2274,3.0792,3.1185,3.1118,3.0694,3.1283,3.1862,3.245,3.1764,3.0457,3.12,3.1454,3.0168,3.1457,3.1063,3.0734,3.2013,3.1513,3.0982,3.0141,3.2052,3.0129,3.0162,3.1532,3.0789,3.2093,3.1008,3.0917,3.1591,3.1368,3.0926,3.1217,3.1239,3.2265,3.2028,3.2738,3.0776,3.1597,3.0577,3.1042,3.2647,3.2971,3.1128,3.0737,3.1644,3.058,3.2234,3.0503,3.1116,3.2994,3.0707,3.2732,3.2825,3.0684,3.1133,3.1263,3.2206,3.0863,3.2821,3.1139,3.0427,3.0964,3.176,3.0996,3.2098,3.0548,3.1003,3.8784,3.0982,3.0742,3.1937,3.0533,3.1165,3.2089,3.0828,3.1536,3.1317,3.1877,3.118,3.0849,3.2334,3.0798,3.1896,3.1776,3.8859,3.1017,3.1256,3.1795,3.1695,3.1321,3.1891,3.0936,3.3904,3.094,3.1172,3.0885,3.1035,3.0976,3.1173,3.1612,3.1227,3.0757,3.1076,3.0811,3.1352,3.0145,3.1103,3.1371,3.074,3.1008,3.4004,3.299,3.2267,3.0315,3.1659,3.1391,3.0999,3.0798,3.177,3.0144,3.2634,3.1151,3.3501,3.3357,3.1662,3.3279,3.2403,3.4661,3.1899,3.2471,3.1249,3.1758,3.2242,3.1535,3.1766,3.1238,3.2978,3.1973,3.2711,3.1392,3.1348,3.2055,3.1073,3.1672,3.1364,3.1422,3.7401,3.1264,3.1684,3.6926,3.0842,3.2288,3.0917,3.2175,3.1656,3.0996,3.2252,3.124,3.1794,3.3156,3.1038,3.0709,3.1356,3.277,3.0966,3.0949,3.0284,3.0559,3.1375,3.0934,3.084,3.2602,3.3156,3.2716,3.1277,3.1321,3.1487,3.1523,3.2561,3.0824,3.3057,3.2945,3.2135,3.1559,3.1023,3.1651,3.0926,3.146,3.9985,3.4924,3.173,3.1065,3.2562,3.182,3.1342,3.1794,3.1423,3.3786,3.3141,3.116,3.0835,3.1332,3.0938,3.0569,3.2118,3.0609,3.2121,3.1051,3.432,3.1278,3.2154,3.1918,3.2393,3.0625,3.2559,3.0587,3.5235,3.1486,3.1846,3.2062,3.0893,3.1598,3.174,3.4982,3.2724,3.0362,3.2702,3.2274,3.1787
gpu_advect density,0.1415,0.1368,0.1432,0.1337,0.1559,0.1431,0.1589,0.1443,0.1452,0.1502,0.1451,0.1531,0.1749,0.1443,0.1297,0.1195,0.1305,0.1422,0.1407,0.1393,0.1482,0.1469,0.1529,0.1188,0.1554,0.1314,0.1473,0.1406,0.1254,0.1253,0.144,0.1147,0.1288,0.1377,0.1216,0.1436,0.1354,0.1614,0.1296,0.0976,0.1373,0.1316,0.1413,0.1452,0.1396,0.1205,0.134,0.1361,0.1373,0.1201,0.1181,0.12,0.1248,0.1225,0.1409,0.1413,0.1321,0.1232,0.1356,0.1345,0.1361,0.1249,0.1542,0.159,0.135,0.1419,0.1318,0.1183,0.1365,0.1486,0.1409,0.1424,0.1435,0.1374,0.1398,0.1507,0.1436,0.1479,0.1246,0.1252,0.1358,0.1641,0.1437,0.1407,0.115,0.1395,0.1201,0.1351,0.1191,0.1164,0.1373,0.1501,0.1343,0.1412,0.1231,0.1359,0.1127,0.1263,0.1304,0.1423,0.1492,0.133,0.1244,0.1342,0.1404,0.1324,0.1276,0.1052,0.1454,0.1318,0.1447,0.1354,0.1338,0.139,0.1332,0.1345,0.153,0.1375,0.1375,0.1397,0.1469,0.1444,0.1231,0.1752,0.1319,0.1204,0.141,0.1228,0.1334,0.1334,0.1519,0.1312,0.1355,0.1301,0.1196,0.1341,0.134,0.1416,0.1329,0.1382,0.133,0.1138,0.1124,0.1533,0.1419,0.135,0.1385,0.1367,0.1169,0.138,0.1413,0.1349,0.1124,0.1102,0.1501,0.1407,0.1299,0.1245,0.1328,0.1479,0.1344,0.1336,0.1347,0.1346,0.1317,0.1355,0.1333,0.1359,0.1343,0.1323,0.1375,0.1457,0.1199,0.1371,0.146,0.137,0.1278,0.1276,0.1344,0.1357,0.1589,0.1359,0.1341,0.0984,0.1435,0.1465,0.1349,0.1367,0.1405,0.1356,0.1378,0.1327,0.1162,0.1149,0.1339,0.1504,0.124,0.1123,0.1078,0.1269,0.1112,0.1491,0.14,0.1365,0.1361,0.1351,0.1359,0.142,0.1316,0.1113,0.1562,0.1413,0.1094,0.1115,0.1195,0.1387,0.1191,0.1254,0.1185,0.1326,0.1342,0.1381,0.135,0.1286,0.1432,0.1319,0.1335,0.136,0.1358,0.1353,0.1248,0.1273,0.1244,0.1111,0.161,0.1505,0.1068,0.1337,0.1345,0.1274,0.1089,0.1087,0.1398,0.1316,0.1437,0.1253,0.1559,0.133,0.1614,0.1395,0.1359,0.1374,0.1419,0.1412,0.1448,0.1338,0.1364,0.1359,0.1411,0.1351,0.1337,0.1216,0.1215,0.1462,0.1485,0.1431,0.1403,0.1343,0.1419,0.1468,0.1403,0.1435,0.1183,0.135,0.1236,0.1188,0.1202,0.1208,0.1331,0.1345,0.1057,0.1204,0.1419,0.1076,0.1076,0.1253,0.1367,0.1392,0.137,0.1347,0.1341,0.1228,0.1187,0.135,0.1424,0.1313,0.1348,0.1538,0.1405,0.1395,0.1224,0.1611,0.1437,0.1439,0.1299,0.1428,0.1214,0.1221,0.133,0.1332,0.1363,0.1344,0.1341,0.1574,0.1061,0.105,0.1338,0.1576,0.1932,0.119,0.119,0.1451,0.1337,0.1333,0.1342,0.1321,0.137,0.134,0.1479,0.1361,0.1369,0.1336,0.1338,0.1282,0.1232,0.1501,0.1224,0.1359,0.1506,0.1324,0.1368,0.1316,0.1242,0.14,0.119,0.1343,0.1318,0.1345,0.1542,0.1416,0.1255,0.122,0.1327,0.1216,0.1228,0.1224,0.1191,0.1195,0.1178,0.123,0.1354,0.1458,0.1351,0.1345,0.1368,0.134,0.1286,0.1341,0.1298,0.1327,0.1083,0.1067,0.1329,0.1189,0.1398,0.1353,0.1376,0.1427,0.1564,0.1487,0.1817,0.1454,0.1194,0.1477,0.1411,0.1443,0.1374,0.1208
gpu_advect vx,0.1443,0.1539,0.1221,0.123,0.1145,0.129,0.1452,0.1344,0.1363,0.1243,0.1552,0.1403,0.1192,0.1395,0.1141,0.1285,0.1415,0.1607,0.1273,0.1546,0.1455,0.1276,0.1332,0.1123,0.1493,0.1322,0.153,0.1406,0.1391,0.1459,0.1426,0.131,0.1315,0.1341,0.1305,0.1319,0.1322,0.1553,0.1292,0.0936,0.1303,0.136,0.1281,0.1337,0.1389,0.1191,0.1406,0.1327,0.1333,0.1201,0.1195,0.1203,0.1209,0.1298,0.1376,0.1302,0.1389,0.1311,0.1339,0.1326,0.1352,0.1318,0.1291,0.1246,0.1273,0.1316,0.1318,0.1294,0.1328,0.1378,0.1358,0.1373,0.1393,0.1474,0.1407,0.1323,0.1216,0.1411,0.1328,0.1219,0.1222,0.1764,0.1196,0.1273,0.1574,0.1409,0.1175,0.1317,0.1548,0.149,0.1328,0.1327,0.1325,0.1454,0.1317,0.1346,0.1188,0.1224,0.145,0.1199,0.121,0.1323,0.1238,0.1355,0.1373,0.1385,0.1376,0.1053,0.1384,0.1317,0.1382,0.1321,0.1385,0.1416,0.1353,0.1427,0.134,0.1316,0.1477,0.1332,0.1408,0.1302,0.1519,0.1167,0.1332,0.122,0.1177,0.1183,0.1335,0.1322,0.1567,0.1197,0.1209,0.1182,0.1192,0.1324,0.1597,0.138,0.1288,0.1417,0.1328,0.1168,0.1055,0.1337,0.1321,0.1436,0.1309,0.156,0.1119,0.1333,0.1341,0.1347,0.1278,0.1257,0.1307,0.1335,0.1472,0.1381,0.1326,0.1336,0.1378,0.1343,0.1348,0.1363,0.1304,0.1212,0.1332,0.1166,0.1319,0.1333,0.1173,0.1318,0.1268,0.1298,0.1434,0.1339,0.1232,0.1246,0.1322,0.147,0.1321,0.1324,0.1263,0.1051,0.1403,0.135,0.1329,0.1414,0.1305,0.134,0.1336,0.1323,0.1271,0.1406,0.1487,0.133,0.1353,0.1074,0.1138,0.1466,0.1162,0.1378,0.1432,0.1463,0.1334,0.1411,0.1469,0.1301,0.1302,0.1217,0.1602,0.13,0.1104,0.1071,0.1203,0.1292,0.1225,0.1225,0.1282,0.1312,0.1343,0.1329,0.1312,0.1419,0.1312,0.1339,0.1315,0.1263,0.1318,0.1457,0.1248,0.123,0.1334,0.1181,0.1859,0.117,0.1052,0.1323,0.1343,0.1083,0.1092,0.1232,0.1329,0.1434,0.1332,0.124,0.1329,0.1313,0.1412,0.1336,0.1244,0.1361,0.1456,0.1395,0.1331,0.1311,0.1317,0.1328,0.1338,0.1336,0.1312,0.1216,0.1193,0.1226,0.132,0.1415,0.139,0.1383,0.1389,0.14,0.1229,0.1697,0.1185,0.1299,0.1192,0.1172,0.1182,0.1173,0.1351,0.147,0.1066,0.0995,0.1537,0.106,0.1096,0.1355,0.1223,0.1665,0.1221,0.1406,0.1328,0.1173,0.1322,0.1305,0.139,0.1307,0.1313,0.1598,0.139,0.1375,0.1249,0.1367,0.1381,0.1411,0.1398,0.1774,0.1216,0.1175,0.1314,0.1371,0.132,0.1453,0.13,0.1326,0.1097,0.1059,0.1456,0.1455,0.1378,0.114,0.119,0.1323,0.1451,0.1315,0.1314,0.1351,0.1338,0.1305,0.131,0.133,0.1314,0.13,0.1356,0.1265,0.1229,0.1193,0.118,0.1328,0.1314,0.1323,0.1324,0.1224,0.128,0.12,0.1171,0.1205,0.1342,0.1331,0.1311,0.1322,0.1182,0.1212,0.1205,0.1166,0.119,0.1362,0.1201,0.1322,0.1284,0.1304,0.1318,0.1329,0.1323,0.1435,0.1515,0.1323,0.1053,0.131,0.142,0.1317,0.1054,0.1064,0.1308,0.1198,0.1381,0.1479,0.144,0.1469,0.143,0.1402,0.1403,0.1539,0.1065,0.1381,0.1388,0.1364,0.1364,0.1207
gpu_advect vy,0.1547,0.1326,0.1254,0.1244,0.1221,0.127,0.1332,0.1398,0.1351,0.1498,0.1422,0.1578,0.1189,0.1395,0.1108,0.1353,0.1321,0.1784,0.1262,0.1353,0.1425,0.1445,0.1316,0.1116,0.1445,0.1389,0.149,0.155,0.1356,0.1316,0.143,0.1337,0.1344,0.1335,0.1427,0.1367,0.1677,0.1318,0.1321,0.0943,0.1334,0.1461,0.1244,0.1365,0.1431,0.1222,0.1476,0.1347,0.1333,0.1203,0.1191,0.1215,0.1229,0.1245,0.1415,0.1368,0.1381,0.1198,0.1432,0.1357,0.1533,0.1402,0.1835,0.1294,0.1345,0.1241,0.1619,0.1313,0.134,0.1421,0.1405,0.1396,0.1406,0.1552,0.1467,0.1336,0.1435,0.1416,0.1255,0.1276,0.1335,0.1446,0.1176,0.1053,0.1391,0.1393,0.12,0.1315,0.1356,0.1349,0.1354,0.135,0.1291,0.1438,0.1358,0.1358,0.1136,0.1259,0.1215,0.1168,0.1332,0.134,0.1252,0.1382,0.1445,0.1215,0.1469,0.1105,0.1223,0.142,0.1428,0.1358,0.1427,0.1415,0.1354,0.1358,0.14,0.1367,0.1452,0.1368,0.144,0.1222,0.1633,0.1273,0.1229,0.1207,0.1224,0.119,0.1363,0.1374,0.1449,0.1215,0.1237,0.1191,0.1172,0.1361,0.1336,0.1411,0.135,0.1398,0.1355,0.1486,0.1079,0.1347,0.1466,0.1582,0.1396,0.1284,0.1165,0.1351,0.1396,0.1381,0.1222,0.1126,0.1372,0.1352,0.142,0.1436,0.1424,0.1434,0.1374,0.1341,0.1345,0.1377,0.1341,0.1204,0.1368,0.1398,0.1353,0.1369,0.1344,0.1352,0.1201,0.1362,0.1401,0.1348,0.1292,0.1262,0.1362,0.158,0.1349,0.1233,0.1324,0.1077,0.1423,0.137,0.135,0.1573,0.1363,0.1361,0.1247,0.1324,0.1317,0.1422,0.1316,0.1334,0.1482,0.1086,0.1075,0.1543,0.1279,0.1415,0.1334,0.1373,0.1454,0.1342,0.1341,0.1394,0.1257,0.1255,0.1319,0.1352,0.1138,0.1084,0.1324,0.1297,0.1191,0.1222,0.1297,0.138,0.1507,0.1391,0.135,0.1688,0.1341,0.1343,0.1335,0.1438,0.1372,0.1403,0.1294,0.1251,0.1571,0.126,0.1411,0.1186,0.1086,0.1358,0.1527,0.1349,0.1079,0.1239,0.1403,0.1599,0.1352,0.1408,0.1437,0.1416,0.1295,0.1348,0.141,0.1357,0.1236,0.1432,0.136,0.1431,0.1395,0.1513,0.1659,0.139,0.1341,0.1237,0.1193,0.1478,0.1334,0.1447,0.1386,0.1581,0.1384,0.1494,0.1378,0.1413,0.1208,0.1184,0.1243,0.12,0.1207,0.1223,0.1366,0.1417,0.1085,0.0972,0.1406,0.1104,0.1069,0.1372,0.1551,0.1488,0.1375,0.1413,0.1376,0.1196,0.1349,0.142,0.1417,0.1361,0.135,0.1222,0.1433,0.14,0.1218,0.1399,0.1485,0.1422,0.1359,0.1174,0.1239,0.1193,0.1392,0.1431,0.1339,0.1507,0.1369,0.1691,0.1201,0.1104,0.1621,0.1559,0.1705,0.1203,0.1185,0.1377,0.1499,0.1339,0.1435,0.1325,0.1358,0.1551,0.1327,0.1345,0.1333,0.1381,0.1244,0.1342,0.1239,0.1216,0.1205,0.133,0.1414,0.1376,0.1373,0.1225,0.1255,0.1241,0.1207,0.1198,0.1222,0.1511,0.1334,0.1358,0.12,0.1217,0.1226,0.119,0.125,0.125,0.1223,0.139,0.1286,0.1429,0.1372,0.1361,0.1332,0.1222,0.1513,0.1358,0.1106,0.1467,0.1455,0.1367,0.1074,0.1084,0.1392,0.1216,0.1374,0.1333,0.135,0.1491,0.1454,0.1383,0.1386,0.1368,0.1085,0.139,0.1396,0.1643,0.1401,0.122
gpu_diffuse density,0.2677,0.2575,0.2603,0.2548,0.2758,0.2713,0.2643,0.2652,0.2663,0.273,0.2698,0.2748,0.2625,0.2627,0.2601,0.2587,0.2648,0.2616,0.2622,0.2663,0.2708,0.2719,0.2745,0.2403,0.2829,0.2535,0.2712,0.2844,0.2548,0.2921,0.2623,0.2727,0.2438,0.2708,0.2622,0.2645,0.2673,0.2707,0.3216,0.2318,0.2664,0.2667,0.2562,0.2739,0.2699,0.2663,0.2647,0.2641,0.2689,0.2561,0.2518,0.251,0.2801,0.2554,0.2675,0.2686,0.2683,0.2666,0.271,0.267,0.2758,0.2709,0.2696,0.2714,0.2794,0.2674,0.2595,0.2533,0.2671,0.2731,0.2704,0.2701,0.2757,0.2681,0.2707,0.266,0.2773,0.2881,0.2555,0.2547,0.2673,0.2785,0.4145,0.2494,0.2737,0.273,0.2503,0.2689,0.2537,0.2559,0.2728,0.2611,0.2657,0.2638,0.2761,0.2643,0.243,0.2562,0.2561,0.2499,0.2575,0.2686,0.2564,0.2737,0.2714,0.2621,0.2708,0.2418,0.2471,0.2662,0.2744,0.2725,0.2668,0.2695,0.2693,0.2663,0.2622,0.2628,0.2589,0.2656,0.2799,0.2754,0.2629,0.2596,0.252,0.254,0.2546,0.2538,0.2656,0.2654,0.275,0.2577,0.2629,0.2526,0.2519,0.2632,0.2507,0.2639,0.2787,0.2689,0.2661,0.2401,0.2345,0.2629,0.2701,0.2671,0.2763,0.2533,0.2511,0.268,0.2639,0.2732,0.2673,0.2873,0.2724,0.2625,0.2652,0.2596,0.2654,0.2676,0.2774,0.2672,0.2669,0.267,0.2635,0.2762,0.265,0.264,0.27,0.2665,0.2677,0.2684,0.2544,0.2571,0.2793,0.2619,0.2532,0.2565,0.2645,0.2644,0.2687,0.2636,0.2596,0.2313,0.2866,0.2718,0.2655,0.2672,0.2884,0.2669,0.2843,0.2647,0.2479,0.261,0.2646,0.2663,0.2671,0.2578,0.2397,0.2735,0.2383,0.2755,0.2683,0.2602,0.2637,0.2635,0.2665,0.2696,0.2598,0.2589,0.2614,0.2757,0.238,0.2452,0.2623,0.26,0.2504,0.2522,0.2504,0.2685,0.2639,0.2697,0.2665,0.2966,0.3063,0.2669,0.2634,0.265,0.2618,0.2667,0.2634,0.2573,0.2572,0.2521,0.2639,0.3021,0.238,0.2676,0.2663,0.2822,0.2375,0.2469,0.2755,0.2435,0.266,0.2591,0.268,0.2693,0.2711,0.2521,0.2649,0.2645,0.2738,0.2883,0.2662,0.2632,0.2757,0.2671,0.2708,0.2628,0.2653,0.2617,0.2518,0.2651,0.2681,0.2848,0.2722,0.2673,0.2687,0.2649,0.2741,0.2812,0.2499,0.265,0.2554,0.2546,0.2601,0.2495,0.2667,0.2649,0.2435,0.2403,0.273,0.2406,0.2407,0.2662,0.2668,0.2547,0.2672,0.2808,0.2647,0.2523,0.2667,0.2637,0.2671,0.2568,0.2673,0.2799,0.2719,0.2643,0.2384,0.2668,0.2804,0.2756,0.2522,0.2747,0.2574,0.2545,0.2433,0.2673,0.2642,0.2663,0.2673,0.2623,0.238,0.2414,0.2627,0.2787,0.2736,0.2632,0.2475,0.2676,0.2614,0.2703,0.2648,0.2698,0.2625,0.2697,0.2764,0.2667,0.2559,0.2674,0.2647,0.2623,0.2567,0.2535,0.2411,0.2584,0.2535,0.2666,0.2699,0.2637,0.2717,0.252,0.2513,0.2656,0.2669,0.2666,0.2716,0.2671,0.2549,0.2794,0.2588,0.2535,0.2537,0.2526,0.2597,0.2535,0.256,0.2735,0.2726,0.2674,0.2637,0.2693,0.2491,0.2811,0.2588,0.2652,0.2831,0.2646,0.2582,0.2402,0.2805,0.2658,0.2679,0.2641,0.2703,0.2771,0.2747,0.3151,0.2665,0.2955,0.2389,0.2811,0.2734,0.2802,0.2717,0.2493
gpu_diffuse vx,0.3952,0.3978,0.3711,0.3715,0.3589,0.3812,0.4009,0.3617,0.3759,0.4246,0.3596,0.3652,0.3807,0.3587,0.4254,0.3803,0.4439,0.3753,0.3824,0.4412,0.3852,0.4374,0.3786,0.3602,0.4432,0.3794,0.3861,0.4058,0.366,0.3906,0.3836,0.3631,0.3939,0.3895,0.3873,0.3715,0.3615,0.3758,0.4273,0.3588,0.3659,0.3869,0.3965,0.3857,0.3798,0.3792,0.3686,0.3691,0.4122,0.4553,0.3885,0.3609,0.3741,0.3965,0.378,0.3692,0.3663,0.3894,0.3734,0.3606,0.3752,0.3877,0.3763,0.4015,0.4066,0.3585,0.3887,0.4228,0.3718,0.4093,0.3617,0.374,0.3781,0.3609,0.3783,0.3643,0.4467,0.3777,0.3838,0.3664,0.3633,0.4239,0.3825,0.3856,0.4385,0.3599,0.3678,0.3696,0.38,0.3866,0.4222,0.4023,0.354,0.3689,0.3673,0.3785,0.3644,0.4044,0.4175,0.3916,0.3882,0.3855,0.3783,0.3653,0.3674,0.3569,0.3749,0.4094,0.376,0.3655,0.3688,0.4072,0.3581,0.37,0.3583,0.3777,0.4042,0.3633,0.3668,0.3705,0.3684,0.3566,0.374,0.3609,0.3611,0.3656,0.4112,0.4014,0.3813,0.3536,0.4191,0.375,0.3567,0.3599,0.3608,0.362,0.3656,0.3585,0.3857,0.3828,0.3619,0.3395,0.3398,0.3886,0.3607,0.3522,0.356,0.4163,0.375,0.4202,0.3586,0.3636,0.3435,0.3433,0.3525,0.3579,0.3705,0.4054,0.3575,0.3949,0.3576,0.3597,0.3833,0.363,0.4302,0.4102,0.3789,0.3531,0.3579,0.3799,0.3575,0.3538,0.4284,0.4197,0.3767,0.3718,0.3628,0.3643,0.3968,0.3574,0.3589,0.3973,0.4163,0.4168,0.3648,0.3761,0.3619,0.3978,0.358,0.3635,0.3516,0.3755,0.3694,0.456,0.3697,0.3754,0.3526,0.341,0.3546,0.3636,0.3642,0.374,0.3537,0.3701,0.3947,0.3567,0.3559,0.3569,0.3917,0.3506,0.398,0.3469,0.3398,0.3428,0.3533,0.3777,0.3746,0.4075,0.3657,0.3626,0.353,0.3606,0.3647,0.3876,0.3624,0.3759,0.3679,0.3589,0.4141,0.3526,0.3644,0.4179,0.3582,0.3639,0.4614,0.3707,0.3965,0.3626,0.3744,0.3969,0.3419,0.3377,0.3709,0.371,0.3656,0.363,0.3584,0.3741,0.3839,0.3542,0.3759,0.3547,0.3635,0.4147,0.3694,0.3538,0.356,0.3541,0.421,0.3721,0.3561,0.3888,0.3836,0.3645,0.3704,0.374,0.3624,0.3588,0.4093,0.3662,0.3614,0.4168,0.3703,0.3526,0.3588,0.3697,0.4209,0.3556,0.4805,0.3701,0.3475,0.3566,0.3602,0.3509,0.3684,0.3622,0.4004,0.3879,0.3694,0.3708,0.3591,0.3983,0.3926,0.3592,0.3571,0.3937,0.3839,0.3705,0.3639,0.3784,0.3753,0.3685,0.3626,0.3819,0.3944,0.3628,0.3657,0.3598,0.3575,0.3546,0.3578,0.3522,0.4116,0.3693,0.3493,0.3566,0.3523,0.3674,0.3862,0.3849,0.4018,0.4356,0.4257,0.3756,0.3573,0.3606,0.3584,0.357,0.3567,0.3767,0.394,0.3698,0.3794,0.362,0.3746,0.3595,0.3639,0.3632,0.384,0.3662,0.3577,0.3711,0.3808,0.3773,0.3651,0.3609,0.3588,0.3738,0.3615,0.3944,0.3592,0.3591,0.4361,0.3948,0.3771,0.4108,0.3764,0.3659,0.4152,0.3774,0.3546,0.3624,0.3588,0.3563,0.4028,0.3753,0.3595,0.3599,0.3874,0.3726,0.3402,0.3495,0.357,0.412,0.3725,0.3791,0.3723,0.369,0.3849,0.3588,0.3657,0.3547,0.3655,0.4316,0.3716,0.4208,0.3701,0.3471
gpu_diffuse vy,0.2672,0.2632,0.2608,0.2632,0.2687,0.2582,0.2801,0.2823,0.259,0.2605,0.2583,0.2515,0.2569,0.2609,0.244,0.283,0.2877,0.2727,0.2654,0.2856,0.282,0.2803,0.2693,0.2772,0.2736,0.2631,0.2571,0.2582,0.2567,0.2706,0.2649,0.2697,0.2752,0.2715,0.2686,0.2622,0.2689,0.2673,0.2664,0.2364,0.2696,0.2648,0.2784,0.2852,0.2773,0.2549,0.2677,0.2676,0.2952,0.2678,0.273,0.2817,0.262,0.2896,0.2714,0.2692,0.2715,0.267,0.281,0.2695,0.2743,0.2759,0.2956,0.2643,0.2828,0.2658,0.3136,0.2664,0.3061,0.2688,0.2789,0.2723,0.2619,0.2725,0.2788,0.256,0.2611,0.2837,0.2728,0.275,0.2706,0.2836,0.2793,0.2561,0.2655,0.3068,0.2571,0.2703,0.2675,0.2779,0.2709,0.2703,0.2751,0.2682,0.2676,0.2769,0.2746,0.2636,0.2549,0.2565,0.2728,0.2745,0.299,0.2657,0.2672,0.2621,0.2701,0.2687,0.3059,0.2686,0.2804,0.2687,0.2691,0.2723,0.2711,0.2705,0.2649,0.2698,0.2725,0.2758,0.2799,0.2792,0.2563,0.2599,0.2773,0.258,0.2568,0.2552,0.2808,0.2706,0.2668,0.2576,0.2583,0.2536,0.2584,0.2589,0.2663,0.2671,0.2864,0.2831,0.2714,0.2451,0.2434,0.2647,0.2707,0.2645,0.2662,0.2729,0.2696,0.2687,0.2817,0.292,0.2421,0.2667,0.266,0.2735,0.2613,0.2697,0.2687,0.2723,0.2669,0.2685,0.2829,0.2687,0.2668,0.2726,0.2704,0.2649,0.2822,0.2943,0.2662,0.2686,0.2714,0.2958,0.2718,0.2718,0.2971,0.2653,0.2722,0.2624,0.2696,0.2724,0.2989,0.2723,0.272,0.2677,0.2627,0.2682,0.2658,0.2696,0.2676,0.2768,0.2622,0.2682,0.2689,0.2664,0.2715,0.249,0.2854,0.2655,0.2604,0.2713,0.2667,0.2657,0.2689,0.2715,0.275,0.275,0.304,0.2605,0.2738,0.2679,0.2462,0.2459,0.2576,0.2681,0.293,0.2801,0.3273,0.2724,0.2785,0.2741,0.2728,0.2675,0.2684,0.2679,0.2744,0.2758,0.2692,0.2643,0.262,0.2704,0.2584,0.2543,0.2755,0.286,0.2871,0.2662,0.2572,0.2658,0.2424,0.2405,0.2701,0.2794,0.2631,0.2661,0.2565,0.2568,0.2723,0.2673,0.2751,0.2677,0.2745,0.2754,0.2701,0.2377,0.2679,0.2738,0.2863,0.2681,0.2712,0.2666,0.2737,0.2694,0.268,0.2815,0.2878,0.2701,0.2693,0.2784,0.2378,0.3224,0.2565,0.2511,0.2583,0.2746,0.2535,0.2544,0.2671,0.2793,0.2467,0.2345,0.2738,0.2633,0.2584,0.2707,0.2732,0.2807,0.2694,0.2692,0.2705,0.2706,0.2873,0.2799,0.2787,0.2867,0.2739,0.2832,0.2724,0.2704,0.2699,0.2702,0.2738,0.2808,0.2596,0.2564,0.2673,0.2688,0.2671,0.2751,0.2715,0.2637,0.2788,0.2638,0.2509,0.2607,0.2689,0.2828,0.2928,0.3036,0.2568,0.2718,0.2819,0.2781,0.2579,0.2717,0.2721,0.265,0.2689,0.2735,0.2733,0.2668,0.2695,0.2729,0.2625,0.254,0.2568,0.2776,0.2986,0.2739,0.2767,0.2625,0.2762,0.2632,0.259,0.2548,0.272,0.2715,0.2668,0.2735,0.2633,0.2555,0.2619,0.2684,0.2573,0.2531,0.2598,0.2586,0.2639,0.2634,0.2683,0.2669,0.274,0.2724,0.2629,0.2725,0.259,0.269,0.2674,0.2672,0.2594,0.2594,0.2798,0.2651,0.2699,0.2666,0.266,0.2579,0.2836,0.2809,0.281,0.3339,0.2715,0.2641,0.2568,0.2728,0.2948,0.2442
gpu_project 1,0.4822,0.4735,0.4732,0.4749,0.5079,0.48,0.4803,0.5037,0.4849,0.5312,0.5146,0.4897,0.472,0.4941,0.463,0.466,0.4815,0.4769,0.4765,0.5128,0.4875,0.4849,0.4779,0.4624,0.493,0.4705,0.4879,0.4885,0.4709,0.4767,0.5005,0.4787,0.4792,0.4802,0.478,0.4742,0.483,0.4805,0.477,0.4455,0.47,0.4816,0.4873,0.4888,0.4858,0.4586,0.4852,0.5085,0.4863,0.4728,0.4744,0.4724,0.469,0.4847,0.49,0.4865,0.4914,0.4701,0.4815,0.4819,0.4841,0.4755,0.473,0.4736,0.4807,0.4811,0.4885,0.4758,0.481,0.4877,0.4863,0.4841,0.4828,0.4785,0.4858,0.4803,0.5405,0.4843,0.4806,0.4726,0.4868,0.4909,0.4676,0.493,0.4909,0.4863,0.4647,0.4819,0.4793,0.5066,0.4776,0.4778,0.4856,0.4865,0.478,0.4905,0.4572,0.4668,0.4778,0.4778,0.485,0.4795,0.4871,0.4802,0.4873,0.4975,0.4794,0.4666,0.4755,0.4923,0.4834,0.4795,0.4836,0.494,0.4872,0.4781,0.4819,0.4789,0.5072,0.4779,0.4855,0.4984,0.5092,0.4675,0.4735,0.4747,0.4649,0.4689,0.4786,0.4775,0.5019,0.4662,0.4677,0.4657,0.4646,0.4656,0.4811,0.4783,0.4849,0.4903,0.493,0.4667,0.4566,0.4804,0.4791,0.4905,0.4802,0.4717,0.4781,0.4811,0.5013,0.4812,0.4529,0.4636,0.4785,0.477,0.4756,0.4831,0.4782,0.4814,0.4871,0.4764,0.4684,0.4791,0.4783,0.4707,0.4801,0.4795,0.4752,0.4819,0.4796,0.4859,0.4778,0.4771,0.4908,0.4596,0.4935,0.4794,0.4792,0.4736,0.4796,0.4829,0.489,0.4637,0.4816,0.4799,0.4778,0.4761,0.4784,0.4753,0.4821,0.4842,0.4565,0.4729,0.4946,0.482,0.4809,0.4534,0.4576,0.479,0.4559,0.4852,0.4767,0.4926,0.4821,0.4784,0.5053,0.4808,0.4833,0.4693,0.4746,0.5007,0.4575,0.4564,0.4683,0.4778,0.4723,0.4662,0.4962,0.4805,0.4939,0.4816,0.4789,0.458,0.477,0.4929,0.4794,0.4879,0.4817,0.5044,0.4746,0.468,0.4727,0.4672,0.5001,0.4845,0.4578,0.4846,0.4785,0.4871,0.4534,0.4573,0.4846,0.4807,0.48,0.4706,0.4789,0.4839,0.4818,0.4808,0.481,0.5002,0.4721,0.4866,0.4783,0.4992,0.481,0.4842,0.4886,0.4805,0.478,0.4715,0.4694,0.4779,0.4772,0.4886,0.4959,0.4807,0.4833,0.4878,0.4674,0.4908,0.4664,0.4601,0.4702,0.468,0.4726,0.4675,0.4824,0.4849,0.4549,0.4382,0.4817,0.4514,0.4538,0.4841,0.4884,0.4925,0.5027,0.486,0.4728,0.4674,0.4827,0.4856,0.4852,0.4676,0.516,0.4862,0.5038,0.4997,0.4767,0.4853,0.4703,0.4885,0.514,0.4866,0.4674,0.4649,0.4925,0.4796,0.4861,0.4928,0.482,0.4803,0.4612,0.4522,0.4741,0.488,0.4895,0.4648,0.4809,0.4771,0.4752,0.4863,0.4967,0.4761,0.477,0.4779,0.4771,0.4786,0.4903,0.4804,0.4779,0.4727,0.47,0.4679,0.4593,0.4781,0.5416,0.4863,0.4849,0.4668,0.4806,0.4694,0.4632,0.4794,0.4725,0.4816,0.4819,0.4773,0.4703,0.4689,0.4674,0.4628,0.4671,0.4709,0.47,0.4857,0.4708,0.4786,0.4807,0.4775,0.4766,0.4778,0.4622,0.4776,0.4516,0.4804,0.4765,0.4775,0.4579,0.473,0.4801,0.4642,0.4985,0.4837,0.4751,0.4928,0.5192,0.4834,0.4838,0.4632,0.4627,0.4919,0.4868,0.4866,0.4935,0.4569
gpu_project 2,0.476,0.4715,0.4656,0.484,0.4714,0.4736,0.4762,0.48,0.4779,0.4995,0.4857,0.6126,0.4659,0.4797,0.4649,0.466,0.4862,0.4775,0.4713,0.4627,0.4874,0.4911,0.4735,0.4511,0.4918,0.4648,0.523,0.4833,0.4574,0.4709,0.4883,0.4762,0.4733,0.4904,0.478,0.4633,0.4993,0.476,0.4697,0.4436,0.4958,0.4785,0.4641,0.4973,0.4757,0.4588,0.4787,0.4763,0.4761,0.4622,0.4593,0.4618,0.4625,0.4671,0.4843,0.4765,0.4814,0.4755,0.4853,0.4732,0.4783,0.4542,0.4701,0.472,0.4778,0.4624,0.464,0.4648,0.4784,0.483,0.4815,0.484,0.4781,0.4752,0.491,0.4898,0.5057,0.4876,0.4626,0.4774,0.472,0.4881,3.5421,0.4532,0.479,0.4787,0.456,0.467,0.4643,0.4736,0.4781,0.4745,0.4617,0.479,0.4749,0.4787,0.4492,0.4656,0.4627,0.4598,0.4952,0.4737,0.464,0.4808,0.4836,0.4796,0.4766,0.4471,0.4623,0.4885,0.4795,0.4901,0.4753,0.48,0.4757,0.4755,0.4465,0.4729,0.4829,0.478,0.4848,0.4911,0.4723,0.4573,0.4587,0.4629,0.46,0.4584,0.4718,0.4714,0.4875,0.4652,0.4614,0.4609,0.46,0.476,0.4775,0.4817,0.4985,0.4784,0.4773,0.4539,0.4529,0.5212,0.4542,0.4749,0.4821,0.4663,0.4548,0.4717,0.4875,0.4733,0.4634,0.4525,0.475,0.4723,0.4661,0.4806,0.4824,0.4759,0.4714,0.4733,0.4779,0.4865,0.4736,0.4602,0.4764,0.4916,0.4786,0.4799,0.4995,0.4775,0.4595,0.4718,0.4802,0.4725,0.4643,0.4748,0.4733,0.4789,0.4789,0.4775,0.4525,0.4454,0.4764,0.4794,0.487,0.4759,0.4791,0.4753,0.4858,0.4761,0.4609,0.4758,0.4816,0.4785,0.4747,0.4495,0.4521,0.477,0.4561,0.4819,0.4764,0.4742,0.4802,0.474,0.4856,0.4806,0.4788,0.4488,0.4691,0.474,0.4597,0.4497,0.4739,0.469,0.4899,0.4602,0.4754,0.4705,0.4581,0.476,0.4773,0.4753,0.4865,0.4772,0.4715,0.4742,0.4729,0.4795,0.4726,0.4665,0.4677,0.4745,0.4661,0.4544,0.4539,0.48,0.4818,0.4773,0.4444,0.4491,0.4756,0.5124,0.4779,0.4617,0.4778,0.4707,0.4946,0.4761,0.4682,0.4753,0.4762,0.4958,0.4719,0.4719,0.489,0.4715,0.4789,0.4813,0.4729,0.4629,0.4595,0.4969,0.4752,0.4832,0.4821,0.4763,0.4839,0.4764,0.4772,0.4847,0.4574,0.4607,0.4638,0.4607,0.4709,0.4577,0.4655,0.4777,0.4574,0.4361,0.476,0.4521,0.452,0.478,0.4751,0.4665,0.5081,0.4852,0.4713,0.4739,0.4739,0.4743,0.473,0.4743,0.4764,0.4807,0.4821,0.4801,0.4606,0.4538,0.4833,0.4844,0.466,0.5564,0.4743,0.4583,0.4803,0.4753,0.4733,0.4839,0.5027,0.481,0.4501,0.4646,0.4759,0.4934,0.457,0.4574,0.4577,0.4744,0.4789,0.4857,0.4837,0.4847,0.4717,0.4893,0.477,0.4735,0.4844,0.4758,0.4895,0.4672,0.468,0.4592,0.4655,0.4797,0.491,0.4758,0.4812,0.4616,0.4743,0.4603,0.4623,0.459,0.4769,0.4707,0.4764,0.4754,0.4627,0.4807,0.4587,0.4601,0.4614,0.4571,0.4692,0.4617,0.4618,0.4757,0.4906,0.4796,0.4757,0.4927,0.4896,0.4744,0.4507,0.4743,0.4721,0.487,0.4708,0.4674,0.4809,0.4656,0.4802,0.4758,0.478,0.4844,0.4933,0.4816,0.4781,0.4834,0.4482,0.4789,0.486,0.4815,0.4785,0.4771
,,,,,,,,,,,,,,,,,,,,,,,,,,,,,,,,,,,,,,,,,,,,,,,,,,,,,,,,,,,,,,,,,,,,,,,,,,,,,,,,,,,,,,,,,,,,,,,,,,,,,,,,,,,,,,,,,,,,,,,,,,,,,,,,,,,,,,,,,,,,,,,,,,,,,,,,,,,,,,,,,,,,,,,,,,,,,,,,,,,,,,,,,,,,,,,,,,,,,,,,,,,,,,,,,,,,,,,,,,,,,,,,,,,,,,,,,,,,,,,,,,,,,,,,,,,,,,,,,,,,,,,,,,,,,,,,,,,,,,,,,,,,,,,,,,,,,,,,,,,,,,,,,,,,,,,,,,,,,,,,,,,,,,,,,,,,,,,,,,,,,,,,,,,,,,,,,,,,,,,,,,,,,,,,,,,,,,,,,,,,,,,,,,,,
cpu_advect density average:,1.77645,,,,,,,,,,,,,,,,,,,,,,,,,,,,,,,,,,,,,,,,,,,,,,,,,,,,,,,,,,,,,,,,,,,,,,,,,,,,,,,,,,,,,,,,,,,,,,,,,,,,,,,,,,,,,,,,,,,,,,,,,,,,,,,,,,,,,,,,,,,,,,,,,,,,,,,,,,,,,,,,,,,,,,,,,,,,,,,,,,,,,,,,,,,,,,,,,,,,,,,,,,,,,,,,,,,,,,,,,,,,,,,,,,,,,,,,,,,,,,,,,,,,,,,,,,,,,,,,,,,,,,,,,,,,,,,,,,,,,,,,,,,,,,,,,,,,,,,,,,,,,,,,,,,,,,,,,,,,,,,,,,,,,,,,,,,,,,,,,,,,,,,,,,,,,,,,,,,,,,,,,,,,,,,,,,,,,,,,,,,,,,,,,,,
cpu_advect vx average:,1.82321,,,,,,,,,,,,,,,,,,,,,,,,,,,,,,,,,,,,,,,,,,,,,,,,,,,,,,,,,,,,,,,,,,,,,,,,,,,,,,,,,,,,,,,,,,,,,,,,,,,,,,,,,,,,,,,,,,,,,,,,,,,,,,,,,,,,,,,,,,,,,,,,,,,,,,,,,,,,,,,,,,,,,,,,,,,,,,,,,,,,,,,,,,,,,,,,,,,,,,,,,,,,,,,,,,,,,,,,,,,,,,,,,,,,,,,,,,,,,,,,,,,,,,,,,,,,,,,,,,,,,,,,,,,,,,,,,,,,,,,,,,,,,,,,,,,,,,,,,,,,,,,,,,,,,,,,,,,,,,,,,,,,,,,,,,,,,,,,,,,,,,,,,,,,,,,,,,,,,,,,,,,,,,,,,,,,,,,,,,,,,,,,,,,
cpu_advect vy average:,1.81942,,,,,,,,,,,,,,,,,,,,,,,,,,,,,,,,,,,,,,,,,,,,,,,,,,,,,,,,,,,,,,,,,,,,,,,,,,,,,,,,,,,,,,,,,,,,,,,,,,,,,,,,,,,,,,,,,,,,,,,,,,,,,,,,,,,,,,,,,,,,,,,,,,,,,,,,,,,,,,,,,,,,,,,,,,,,,,,,,,,,,,,,,,,,,,,,,,,,,,,,,,,,,,,,,,,,,,,,,,,,,,,,,,,,,,,,,,,,,,,,,,,,,,,,,,,,,,,,,,,,,,,,,,,,,,,,,,,,,,,,,,,,,,,,,,,,,,,,,,,,,,,,,,,,,,,,,,,,,,,,,,,,,,,,,,,,,,,,,,,,,,,,,,,,,,,,,,,,,,,,,,,,,,,,,,,,,,,,,,,,,,,,,,,
,1.80636,,,,,,,,,,,,,,,,,,,,,,,,,,,,,,,,,,,,,,,,,,,,,,,,,,,,,,,,,,,,,,,,,,,,,,,,,,,,,,,,,,,,,,,,,,,,,,,,,,,,,,,,,,,,,,,,,,,,,,,,,,,,,,,,,,,,,,,,,,,,,,,,,,,,,,,,,,,,,,,,,,,,,,,,,,,,,,,,,,,,,,,,,,,,,,,,,,,,,,,,,,,,,,,,,,,,,,,,,,,,,,,,,,,,,,,,,,,,,,,,,,,,,,,,,,,,,,,,,,,,,,,,,,,,,,,,,,,,,,,,,,,,,,,,,,,,,,,,,,,,,,,,,,,,,,,,,,,,,,,,,,,,,,,,,,,,,,,,,,,,,,,,,,,,,,,,,,,,,,,,,,,,,,,,,,,,,,,,,,,,,,,,,,,
,,,,,,,,,,,,,,,,,,,,,,,,,,,,,,,,,,,,,,,,,,,,,,,,,,,,,,,,,,,,,,,,,,,,,,,,,,,,,,,,,,,,,,,,,,,,,,,,,,,,,,,,,,,,,,,,,,,,,,,,,,,,,,,,,,,,,,,,,,,,,,,,,,,,,,,,,,,,,,,,,,,,,,,,,,,,,,,,,,,,,,,,,,,,,,,,,,,,,,,,,,,,,,,,,,,,,,,,,,,,,,,,,,,,,,,,,,,,,,,,,,,,,,,,,,,,,,,,,,,,,,,,,,,,,,,,,,,,,,,,,,,,,,,,,,,,,,,,,,,,,,,,,,,,,,,,,,,,,,,,,,,,,,,,,,,,,,,,,,,,,,,,,,,,,,,,,,,,,,,,,,,,,,,,,,,,,,,,,,,,,,,,,,,,
,,,,,,,,,,,,,,,,,,,,,,,,,,,,,,,,,,,,,,,,,,,,,,,,,,,,,,,,,,,,,,,,,,,,,,,,,,,,,,,,,,,,,,,,,,,,,,,,,,,,,,,,,,,,,,,,,,,,,,,,,,,,,,,,,,,,,,,,,,,,,,,,,,,,,,,,,,,,,,,,,,,,,,,,,,,,,,,,,,,,,,,,,,,,,,,,,,,,,,,,,,,,,,,,,,,,,,,,,,,,,,,,,,,,,,,,,,,,,,,,,,,,,,,,,,,,,,,,,,,,,,,,,,,,,,,,,,,,,,,,,,,,,,,,,,,,,,,,,,,,,,,,,,,,,,,,,,,,,,,,,,,,,,,,,,,,,,,,,,,,,,,,,,,,,,,,,,,,,,,,,,,,,,,,,,,,,,,,,,,,,,,,,,,,
,,,,,,,,,,,,,,,,,,,,,,,,,,,,,,,,,,,,,,,,,,,,,,,,,,,,,,,,,,,,,,,,,,,,,,,,,,,,,,,,,,,,,,,,,,,,,,,,,,,,,,,,,,,,,,,,,,,,,,,,,,,,,,,,,,,,,,,,,,,,,,,,,,,,,,,,,,,,,,,,,,,,,,,,,,,,,,,,,,,,,,,,,,,,,,,,,,,,,,,,,,,,,,,,,,,,,,,,,,,,,,,,,,,,,,,,,,,,,,,,,,,,,,,,,,,,,,,,,,,,,,,,,,,,,,,,,,,,,,,,,,,,,,,,,,,,,,,,,,,,,,,,,,,,,,,,,,,,,,,,,,,,,,,,,,,,,,,,,,,,,,,,,,,,,,,,,,,,,,,,,,,,,,,,,,,,,,,,,,,,,,,,,,,,
,,,,,,,,,,,,,,,,,,,,,,,,,,,,,,,,,,,,,,,,,,,,,,,,,,,,,,,,,,,,,,,,,,,,,,,,,,,,,,,,,,,,,,,,,,,,,,,,,,,,,,,,,,,,,,,,,,,,,,,,,,,,,,,,,,,,,,,,,,,,,,,,,,,,,,,,,,,,,,,,,,,,,,,,,,,,,,,,,,,,,,,,,,,,,,,,,,,,,,,,,,,,,,,,,,,,,,,,,,,,,,,,,,,,,,,,,,,,,,,,,,,,,,,,,,,,,,,,,,,,,,,,,,,,,,,,,,,,,,,,,,,,,,,,,,,,,,,,,,,,,,,,,,,,,,,,,,,,,,,,,,,,,,,,,,,,,,,,,,,,,,,,,,,,,,,,,,,,,,,,,,,,,,,,,,,,,,,,,,,,,,,,,,,,
,,,,,,,,,,,,,,,,,,,,,,,,,,,,,,,,,,,,,,,,,,,,,,,,,,,,,,,,,,,,,,,,,,,,,,,,,,,,,,,,,,,,,,,,,,,,,,,,,,,,,,,,,,,,,,,,,,,,,,,,,,,,,,,,,,,,,,,,,,,,,,,,,,,,,,,,,,,,,,,,,,,,,,,,,,,,,,,,,,,,,,,,,,,,,,,,,,,,,,,,,,,,,,,,,,,,,,,,,,,,,,,,,,,,,,,,,,,,,,,,,,,,,,,,,,,,,,,,,,,,,,,,,,,,,,,,,,,,,,,,,,,,,,,,,,,,,,,,,,,,,,,,,,,,,,,,,,,,,,,,,,,,,,,,,,,,,,,,,,,,,,,,,,,,,,,,,,,,,,,,,,,,,,,,,,,,,,,,,,,,,,,,,,,,
,,,,,,,,,,,,,,,,,,,,,,,,,,,,,,,,,,,,,,,,,,,,,,,,,,,,,,,,,,,,,,,,,,,,,,,,,,,,,,,,,,,,,,,,,,,,,,,,,,,,,,,,,,,,,,,,,,,,,,,,,,,,,,,,,,,,,,,,,,,,,,,,,,,,,,,,,,,,,,,,,,,,,,,,,,,,,,,,,,,,,,,,,,,,,,,,,,,,,,,,,,,,,,,,,,,,,,,,,,,,,,,,,,,,,,,,,,,,,,,,,,,,,,,,,,,,,,,,,,,,,,,,,,,,,,,,,,,,,,,,,,,,,,,,,,,,,,,,,,,,,,,,,,,,,,,,,,,,,,,,,,,,,,,,,,,,,,,,,,,,,,,,,,,,,,,,,,,,,,,,,,,,,,,,,,,,,,,,,,,,,,,,,,,,
cpu_diffuse density average:,2.58234,,,,,,,,,,,,,,,,,,,,,,,,,,,,,,,,,,,,,,,,,,,,,,,,,,,,,,,,,,,,,,,,,,,,,,,,,,,,,,,,,,,,,,,,,,,,,,,,,,,,,,,,,,,,,,,,,,,,,,,,,,,,,,,,,,,,,,,,,,,,,,,,,,,,,,,,,,,,,,,,,,,,,,,,,,,,,,,,,,,,,,,,,,,,,,,,,,,,,,,,,,,,,,,,,,,,,,,,,,,,,,,,,,,,,,,,,,,,,,,,,,,,,,,,,,,,,,,,,,,,,,,,,,,,,,,,,,,,,,,,,,,,,,,,,,,,,,,,,,,,,,,,,,,,,,,,,,,,,,,,,,,,,,,,,,,,,,,,,,,,,,,,,,,,,,,,,,,,,,,,,,,,,,,,,,,,,,,,,,,,,,,,,,,
cpu_diffuse vx average:,3.12422,,,,,,,,,,,,,,,,,,,,,,,,,,,,,,,,,,,,,,,,,,,,,,,,,,,,,,,,,,,,,,,,,,,,,,,,,,,,,,,,,,,,,,,,,,,,,,,,,,,,,,,,,,,,,,,,,,,,,,,,,,,,,,,,,,,,,,,,,,,,,,,,,,,,,,,,,,,,,,,,,,,,,,,,,,,,,,,,,,,,,,,,,,,,,,,,,,,,,,,,,,,,,,,,,,,,,,,,,,,,,,,,,,,,,,,,,,,,,,,,,,,,,,,,,,,,,,,,,,,,,,,,,,,,,,,,,,,,,,,,,,,,,,,,,,,,,,,,,,,,,,,,,,,,,,,,,,,,,,,,,,,,,,,,,,,,,,,,,,,,,,,,,,,,,,,,,,,,,,,,,,,,,,,,,,,,,,,,,,,,,,,,,,,
cpu_diffuse vy average:,3.1075,,,,,,,,,,,,,,,,,,,,,,,,,,,,,,,,,,,,,,,,,,,,,,,,,,,,,,,,,,,,,,,,,,,,,,,,,,,,,,,,,,,,,,,,,,,,,,,,,,,,,,,,,,,,,,,,,,,,,,,,,,,,,,,,,,,,,,,,,,,,,,,,,,,,,,,,,,,,,,,,,,,,,,,,,,,,,,,,,,,,,,,,,,,,,,,,,,,,,,,,,,,,,,,,,,,,,,,,,,,,,,,,,,,,,,,,,,,,,,,,,,,,,,,,,,,,,,,,,,,,,,,,,,,,,,,,,,,,,,,,,,,,,,,,,,,,,,,,,,,,,,,,,,,,,,,,,,,,,,,,,,,,,,,,,,,,,,,,,,,,,,,,,,,,,,,,,,,,,,,,,,,,,,,,,,,,,,,,,,,,,,,,,,,
,2.93802,,,,,,,,,,,,,,,,,,,,,,,,,,,,,,,,,,,,,,,,,,,,,,,,,,,,,,,,,,,,,,,,,,,,,,,,,,,,,,,,,,,,,,,,,,,,,,,,,,,,,,,,,,,,,,,,,,,,,,,,,,,,,,,,,,,,,,,,,,,,,,,,,,,,,,,,,,,,,,,,,,,,,,,,,,,,,,,,,,,,,,,,,,,,,,,,,,,,,,,,,,,,,,,,,,,,,,,,,,,,,,,,,,,,,,,,,,,,,,,,,,,,,,,,,,,,,,,,,,,,,,,,,,,,,,,,,,,,,,,,,,,,,,,,,,,,,,,,,,,,,,,,,,,,,,,,,,,,,,,,,,,,,,,,,,,,,,,,,,,,,,,,,,,,,,,,,,,,,,,,,,,,,,,,,,,,,,,,,,,,,,,,,,,
,,,,,,,,,,,,,,,,,,,,,,,,,,,,,,,,,,,,,,,,,,,,,,,,,,,,,,,,,,,,,,,,,,,,,,,,,,,,,,,,,,,,,,,,,,,,,,,,,,,,,,,,,,,,,,,,,,,,,,,,,,,,,,,,,,,,,,,,,,,,,,,,,,,,,,,,,,,,,,,,,,,,,,,,,,,,,,,,,,,,,,,,,,,,,,,,,,,,,,,,,,,,,,,,,,,,,,,,,,,,,,,,,,,,,,,,,,,,,,,,,,,,,,,,,,,,,,,,,,,,,,,,,,,,,,,,,,,,,,,,,,,,,,,,,,,,,,,,,,,,,,,,,,,,,,,,,,,,,,,,,,,,,,,,,,,,,,,,,,,,,,,,,,,,,,,,,,,,,,,,,,,,,,,,,,,,,,,,,,,,,,,,,,,,
,,,,,,,,,,,,,,,,,,,,,,,,,,,,,,,,,,,,,,,,,,,,,,,,,,,,,,,,,,,,,,,,,,,,,,,,,,,,,,,,,,,,,,,,,,,,,,,,,,,,,,,,,,,,,,,,,,,,,,,,,,,,,,,,,,,,,,,,,,,,,,,,,,,,,,,,,,,,,,,,,,,,,,,,,,,,,,,,,,,,,,,,,,,,,,,,,,,,,,,,,,,,,,,,,,,,,,,,,,,,,,,,,,,,,,,,,,,,,,,,,,,,,,,,,,,,,,,,,,,,,,,,,,,,,,,,,,,,,,,,,,,,,,,,,,,,,,,,,,,,,,,,,,,,,,,,,,,,,,,,,,,,,,,,,,,,,,,,,,,,,,,,,,,,,,,,,,,,,,,,,,,,,,,,,,,,,,,,,,,,,,,,,,,,
cpu_project 1 average:,4.49632,,,,,,,,,,,,,,,,,,,,,,,,,,,,,,,,,,,,,,,,,,,,,,,,,,,,,,,,,,,,,,,,,,,,,,,,,,,,,,,,,,,,,,,,,,,,,,,,,,,,,,,,,,,,,,,,,,,,,,,,,,,,,,,,,,,,,,,,,,,,,,,,,,,,,,,,,,,,,,,,,,,,,,,,,,,,,,,,,,,,,,,,,,,,,,,,,,,,,,,,,,,,,,,,,,,,,,,,,,,,,,,,,,,,,,,,,,,,,,,,,,,,,,,,,,,,,,,,,,,,,,,,,,,,,,,,,,,,,,,,,,,,,,,,,,,,,,,,,,,,,,,,,,,,,,,,,,,,,,,,,,,,,,,,,,,,,,,,,,,,,,,,,,,,,,,,,,,,,,,,,,,,,,,,,,,,,,,,,,,,,,,,,,,
cpu_project 2 average:,4.48086,,,,,,,,,,,,,,,,,,,,,,,,,,,,,,,,,,,,,,,,,,,,,,,,,,,,,,,,,,,,,,,,,,,,,,,,,,,,,,,,,,,,,,,,,,,,,,,,,,,,,,,,,,,,,,,,,,,,,,,,,,,,,,,,,,,,,,,,,,,,,,,,,,,,,,,,,,,,,,,,,,,,,,,,,,,,,,,,,,,,,,,,,,,,,,,,,,,,,,,,,,,,,,,,,,,,,,,,,,,,,,,,,,,,,,,,,,,,,,,,,,,,,,,,,,,,,,,,,,,,,,,,,,,,,,,,,,,,,,,,,,,,,,,,,,,,,,,,,,,,,,,,,,,,,,,,,,,,,,,,,,,,,,,,,,,,,,,,,,,,,,,,,,,,,,,,,,,,,,,,,,,,,,,,,,,,,,,,,,,,,,,,,,,
,4.48859,,,,,,,,,,,,,,,,,,,,,,,,,,,,,,,,,,,,,,,,,,,,,,,,,,,,,,,,,,,,,,,,,,,,,,,,,,,,,,,,,,,,,,,,,,,,,,,,,,,,,,,,,,,,,,,,,,,,,,,,,,,,,,,,,,,,,,,,,,,,,,,,,,,,,,,,,,,,,,,,,,,,,,,,,,,,,,,,,,,,,,,,,,,,,,,,,,,,,,,,,,,,,,,,,,,,,,,,,,,,,,,,,,,,,,,,,,,,,,,,,,,,,,,,,,,,,,,,,,,,,,,,,,,,,,,,,,,,,,,,,,,,,,,,,,,,,,,,,,,,,,,,,,,,,,,,,,,,,,,,,,,,,,,,,,,,,,,,,,,,,,,,,,,,,,,,,,,,,,,,,,,,,,,,,,,,,,,,,,,,,,,,,,,
,,,,,,,,,,,,,,,,,,,,,,,,,,,,,,,,,,,,,,,,,,,,,,,,,,,,,,,,,,,,,,,,,,,,,,,,,,,,,,,,,,,,,,,,,,,,,,,,,,,,,,,,,,,,,,,,,,,,,,,,,,,,,,,,,,,,,,,,,,,,,,,,,,,,,,,,,,,,,,,,,,,,,,,,,,,,,,,,,,,,,,,,,,,,,,,,,,,,,,,,,,,,,,,,,,,,,,,,,,,,,,,,,,,,,,,,,,,,,,,,,,,,,,,,,,,,,,,,,,,,,,,,,,,,,,,,,,,,,,,,,,,,,,,,,,,,,,,,,,,,,,,,,,,,,,,,,,,,,,,,,,,,,,,,,,,,,,,,,,,,,,,,,,,,,,,,,,,,,,,,,,,,,,,,,,,,,,,,,,,,,,,,,,,,
,,,,,,,,,,,,,,,,,,,,,,,,,,,,,,,,,,,,,,,,,,,,,,,,,,,,,,,,,,,,,,,,,,,,,,,,,,,,,,,,,,,,,,,,,,,,,,,,,,,,,,,,,,,,,,,,,,,,,,,,,,,,,,,,,,,,,,,,,,,,,,,,,,,,,,,,,,,,,,,,,,,,,,,,,,,,,,,,,,,,,,,,,,,,,,,,,,,,,,,,,,,,,,,,,,,,,,,,,,,,,,,,,,,,,,,,,,,,,,,,,,,,,,,,,,,,,,,,,,,,,,,,,,,,,,,,,,,,,,,,,,,,,,,,,,,,,,,,,,,,,,,,,,,,,,,,,,,,,,,,,,,,,,,,,,,,,,,,,,,,,,,,,,,,,,,,,,,,,,,,,,,,,,,,,,,,,,,,,,,,,,,,,,,,
gpu_advect density average:,0.134344,,,,,,,,,,,,,,,,,,,,,,,,,,,,,,,,,,,,,,,,,,,,,,,,,,,,,,,,,,,,,,,,,,,,,,,,,,,,,,,,,,,,,,,,,,,,,,,,,,,,,,,,,,,,,,,,,,,,,,,,,,,,,,,,,,,,,,,,,,,,,,,,,,,,,,,,,,,,,,,,,,,,,,,,,,,,,,,,,,,,,,,,,,,,,,,,,,,,,,,,,,,,,,,,,,,,,,,,,,,,,,,,,,,,,,,,,,,,,,,,,,,,,,,,,,,,,,,,,,,,,,,,,,,,,,,,,,,,,,,,,,,,,,,,,,,,,,,,,,,,,,,,,,,,,,,,,,,,,,,,,,,,,,,,,,,,,,,,,,,,,,,,,,,,,,,,,,,,,,,,,,,,,,,,,,,,,,,,,,,,,,,,,,,
gpu_advect vx average:,0.131932,,,,,,,,,,,,,,,,,,,,,,,,,,,,,,,,,,,,,,,,,,,,,,,,,,,,,,,,,,,,,,,,,,,,,,,,,,,,,,,,,,,,,,,,,,,,,,,,,,,,,,,,,,,,,,,,,,,,,,,,,,,,,,,,,,,,,,,,,,,,,,,,,,,,,,,,,,,,,,,,,,,,,,,,,,,,,,,,,,,,,,,,,,,,,,,,,,,,,,,,,,,,,,,,,,,,,,,,,,,,,,,,,,,,,,,,,,,,,,,,,,,,,,,,,,,,,,,,,,,,,,,,,,,,,,,,,,,,,,,,,,,,,,,,,,,,,,,,,,,,,,,,,,,,,,,,,,,,,,,,,,,,,,,,,,,,,,,,,,,,,,,,,,,,,,,,,,,,,,,,,,,,,,,,,,,,,,,,,,,,,,,,,,,
gpu_advect vy average:,0.134325,,,,,,,,,,,,,,,,,,,,,,,,,,,,,,,,,,,,,,,,,,,,,,,,,,,,,,,,,,,,,,,,,,,,,,,,,,,,,,,,,,,,,,,,,,,,,,,,,,,,,,,,,,,,,,,,,,,,,,,,,,,,,,,,,,,,,,,,,,,,,,,,,,,,,,,,,,,,,,,,,,,,,,,,,,,,,,,,,,,,,,,,,,,,,,,,,,,,,,,,,,,,,,,,,,,,,,,,,,,,,,,,,,,,,,,,,,,,,,,,,,,,,,,,,,,,,,,,,,,,,,,,,,,,,,,,,,,,,,,,,,,,,,,,,,,,,,,,,,,,,,,,,,,,,,,,,,,,,,,,,,,,,,,,,,,,,,,,,,,,,,,,,,,,,,,,,,,,,,,,,,,,,,,,,,,,,,,,,,,,,,,,,,,
,0.133533667,,,,,,,,,,,,,,,,,,,,,,,,,,,,,,,,,,,,,,,,,,,,,,,,,,,,,,,,,,,,,,,,,,,,,,,,,,,,,,,,,,,,,,,,,,,,,,,,,,,,,,,,,,,,,,,,,,,,,,,,,,,,,,,,,,,,,,,,,,,,,,,,,,,,,,,,,,,,,,,,,,,,,,,,,,,,,,,,,,,,,,,,,,,,,,,,,,,,,,,,,,,,,,,,,,,,,,,,,,,,,,,,,,,,,,,,,,,,,,,,,,,,,,,,,,,,,,,,,,,,,,,,,,,,,,,,,,,,,,,,,,,,,,,,,,,,,,,,,,,,,,,,,,,,,,,,,,,,,,,,,,,,,,,,,,,,,,,,,,,,,,,,,,,,,,,,,,,,,,,,,,,,,,,,,,,,,,,,,,,,,,,,,,,
,,,,,,,,,,,,,,,,,,,,,,,,,,,,,,,,,,,,,,,,,,,,,,,,,,,,,,,,,,,,,,,,,,,,,,,,,,,,,,,,,,,,,,,,,,,,,,,,,,,,,,,,,,,,,,,,,,,,,,,,,,,,,,,,,,,,,,,,,,,,,,,,,,,,,,,,,,,,,,,,,,,,,,,,,,,,,,,,,,,,,,,,,,,,,,,,,,,,,,,,,,,,,,,,,,,,,,,,,,,,,,,,,,,,,,,,,,,,,,,,,,,,,,,,,,,,,,,,,,,,,,,,,,,,,,,,,,,,,,,,,,,,,,,,,,,,,,,,,,,,,,,,,,,,,,,,,,,,,,,,,,,,,,,,,,,,,,,,,,,,,,,,,,,,,,,,,,,,,,,,,,,,,,,,,,,,,,,,,,,,,,,,,,,,
,,,,,,,,,,,,,,,,,,,,,,,,,,,,,,,,,,,,,,,,,,,,,,,,,,,,,,,,,,,,,,,,,,,,,,,,,,,,,,,,,,,,,,,,,,,,,,,,,,,,,,,,,,,,,,,,,,,,,,,,,,,,,,,,,,,,,,,,,,,,,,,,,,,,,,,,,,,,,,,,,,,,,,,,,,,,,,,,,,,,,,,,,,,,,,,,,,,,,,,,,,,,,,,,,,,,,,,,,,,,,,,,,,,,,,,,,,,,,,,,,,,,,,,,,,,,,,,,,,,,,,,,,,,,,,,,,,,,,,,,,,,,,,,,,,,,,,,,,,,,,,,,,,,,,,,,,,,,,,,,,,,,,,,,,,,,,,,,,,,,,,,,,,,,,,,,,,,,,,,,,,,,,,,,,,,,,,,,,,,,,,,,,,,,
gpu_diffuse density average:,0.264898,,,,,,,,,,,,,,,,,,,,,,,,,,,,,,,,,,,,,,,,,,,,,,,,,,,,,,,,,,,,,,,,,,,,,,,,,,,,,,,,,,,,,,,,,,,,,,,,,,,,,,,,,,,,,,,,,,,,,,,,,,,,,,,,,,,,,,,,,,,,,,,,,,,,,,,,,,,,,,,,,,,,,,,,,,,,,,,,,,,,,,,,,,,,,,,,,,,,,,,,,,,,,,,,,,,,,,,,,,,,,,,,,,,,,,,,,,,,,,,,,,,,,,,,,,,,,,,,,,,,,,,,,,,,,,,,,,,,,,,,,,,,,,,,,,,,,,,,,,,,,,,,,,,,,,,,,,,,,,,,,,,,,,,,,,,,,,,,,,,,,,,,,,,,,,,,,,,,,,,,,,,,,,,,,,,,,,,,,,,,,,,,,,,
gpu_diffuse vx average:,0.376659,,,,,,,,,,,,,,,,,,,,,,,,,,,,,,,,,,,,,,,,,,,,,,,,,,,,,,,,,,,,,,,,,,,,,,,,,,,,,,,,,,,,,,,,,,,,,,,,,,,,,,,,,,,,,,,,,,,,,,,,,,,,,,,,,,,,,,,,,,,,,,,,,,,,,,,,,,,,,,,,,,,,,,,,,,,,,,,,,,,,,,,,,,,,,,,,,,,,,,,,,,,,,,,,,,,,,,,,,,,,,,,,,,,,,,,,,,,,,,,,,,,,,,,,,,,,,,,,,,,,,,,,,,,,,,,,,,,,,,,,,,,,,,,,,,,,,,,,,,,,,,,,,,,,,,,,,,,,,,,,,,,,,,,,,,,,,,,,,,,,,,,,,,,,,,,,,,,,,,,,,,,,,,,,,,,,,,,,,,,,,,,,,,,
gpu_diffuse vy average:,0.269967,,,,,,,,,,,,,,,,,,,,,,,,,,,,,,,,,,,,,,,,,,,,,,,,,,,,,,,,,,,,,,,,,,,,,,,,,,,,,,,,,,,,,,,,,,,,,,,,,,,,,,,,,,,,,,,,,,,,,,,,,,,,,,,,,,,,,,,,,,,,,,,,,,,,,,,,,,,,,,,,,,,,,,,,,,,,,,,,,,,,,,,,,,,,,,,,,,,,,,,,,,,,,,,,,,,,,,,,,,,,,,,,,,,,,,,,,,,,,,,,,,,,,,,,,,,,,,,,,,,,,,,,,,,,,,,,,,,,,,,,,,,,,,,,,,,,,,,,,,,,,,,,,,,,,,,,,,,,,,,,,,,,,,,,,,,,,,,,,,,,,,,,,,,,,,,,,,,,,,,,,,,,,,,,,,,,,,,,,,,,,,,,,,,
,0.303841333,,,,,,,,,,,,,,,,,,,,,,,,,,,,,,,,,,,,,,,,,,,,,,,,,,,,,,,,,,,,,,,,,,,,,,,,,,,,,,,,,,,,,,,,,,,,,,,,,,,,,,,,,,,,,,,,,,,,,,,,,,,,,,,,,,,,,,,,,,,,,,,,,,,,,,,,,,,,,,,,,,,,,,,,,,,,,,,,,,,,,,,,,,,,,,,,,,,,,,,,,,,,,,,,,,,,,,,,,,,,,,,,,,,,,,,,,,,,,,,,,,,,,,,,,,,,,,,,,,,,,,,,,,,,,,,,,,,,,,,,,,,,,,,,,,,,,,,,,,,,,,,,,,,,,,,,,,,,,,,,,,,,,,,,,,,,,,,,,,,,,,,,,,,,,,,,,,,,,,,,,,,,,,,,,,,,,,,,,,,,,,,,,,,
,,,,,,,,,,,,,,,,,,,,,,,,,,,,,,,,,,,,,,,,,,,,,,,,,,,,,,,,,,,,,,,,,,,,,,,,,,,,,,,,,,,,,,,,,,,,,,,,,,,,,,,,,,,,,,,,,,,,,,,,,,,,,,,,,,,,,,,,,,,,,,,,,,,,,,,,,,,,,,,,,,,,,,,,,,,,,,,,,,,,,,,,,,,,,,,,,,,,,,,,,,,,,,,,,,,,,,,,,,,,,,,,,,,,,,,,,,,,,,,,,,,,,,,,,,,,,,,,,,,,,,,,,,,,,,,,,,,,,,,,,,,,,,,,,,,,,,,,,,,,,,,,,,,,,,,,,,,,,,,,,,,,,,,,,,,,,,,,,,,,,,,,,,,,,,,,,,,,,,,,,,,,,,,,,,,,,,,,,,,,,,,,,,,,
gpu_project 1 average:,0.47975,,,,,,,,,,,,,,,,,,,,,,,,,,,,,,,,,,,,,,,,,,,,,,,,,,,,,,,,,,,,,,,,,,,,,,,,,,,,,,,,,,,,,,,,,,,,,,,,,,,,,,,,,,,,,,,,,,,,,,,,,,,,,,,,,,,,,,,,,,,,,,,,,,,,,,,,,,,,,,,,,,,,,,,,,,,,,,,,,,,,,,,,,,,,,,,,,,,,,,,,,,,,,,,,,,,,,,,,,,,,,,,,,,,,,,,,,,,,,,,,,,,,,,,,,,,,,,,,,,,,,,,,,,,,,,,,,,,,,,,,,,,,,,,,,,,,,,,,,,,,,,,,,,,,,,,,,,,,,,,,,,,,,,,,,,,,,,,,,,,,,,,,,,,,,,,,,,,,,,,,,,,,,,,,,,,,,,,,,,,,,,,,,,,
gpu_project 2 average:,0.482222,,,,,,,,,,,,,,,,,,,,,,,,,,,,,,,,,,,,,,,,,,,,,,,,,,,,,,,,,,,,,,,,,,,,,,,,,,,,,,,,,,,,,,,,,,,,,,,,,,,,,,,,,,,,,,,,,,,,,,,,,,,,,,,,,,,,,,,,,,,,,,,,,,,,,,,,,,,,,,,,,,,,,,,,,,,,,,,,,,,,,,,,,,,,,,,,,,,,,,,,,,,,,,,,,,,,,,,,,,,,,,,,,,,,,,,,,,,,,,,,,,,,,,,,,,,,,,,,,,,,,,,,,,,,,,,,,,,,,,,,,,,,,,,,,,,,,,,,,,,,,,,,,,,,,,,,,,,,,,,,,,,,,,,,,,,,,,,,,,,,,,,,,,,,,,,,,,,,,,,,,,,,,,,,,,,,,,,,,,,,,,,,,,,
,0.480986,,,,,,,,,,,,,,,,,,,,,,,,,,,,,,,,,,,,,,,,,,,,,,,,,,,,,,,,,,,,,,,,,,,,,,,,,,,,,,,,,,,,,,,,,,,,,,,,,,,,,,,,,,,,,,,,,,,,,,,,,,,,,,,,,,,,,,,,,,,,,,,,,,,,,,,,,,,,,,,,,,,,,,,,,,,,,,,,,,,,,,,,,,,,,,,,,,,,,,,,,,,,,,,,,,,,,,,,,,,,,,,,,,,,,,,,,,,,,,,,,,,,,,,,,,,,,,,,,,,,,,,,,,,,,,,,,,,,,,,,,,,,,,,,,,,,,,,,,,,,,,,,,,,,,,,,,,,,,,,,,,,,,,,,,,,,,,,,,,,,,,,,,,,,,,,,,,,,,,,,,,,,,,,,,,,,,,,,,,,,,,,,,,,
